team,off_plays,off_epa,def_plays,def_epa
ARI,1087,73.809165,1070,54.177387
ATL,1127,46.14526,1097,48.644795
BAL,1091,215.262498,1121,-20.28258
BUF,1065,199.021083,1095,-3.401672
CAR,1026,-41.937003,1195,184.562136
CHI,1119,-83.48176,1055,-1.237265
CIN,1121,119.292182,1120,61.259235
CLE,1176,-206.387941,1051,18.142769
DAL,1158,-103.964276,1083,73.328438
DEN,1083,10.467473,1143,-112.212835
DET,1125,174.612954,1087,-49.044067
GB,1071,86.105787,1074,-72.690398
HOU,1093,-43.192981,1087,-58.700021
IND,1075,-50.807559,1139,6.980636
JAX,1025,-22.06423,1175,149.341772
KC,1124,77.364799,1071,6.16244
LA,1074,36.402885,1105,54.903476
LAC,1044,46.996383,1082,-60.059686
LV,1108,-145.694045,1086,15.441067
MIA,1128,-45.334382,1048,-22.286327
MIN,1090,40.299129,1125,-100.043535
NE,1082,-85.386839,1106,91.822065
NO,1080,-63.456766,1156,41.114773
NYG,1103,-101.204208,1074,75.717242
NYJ,1063,0.844244,1129,51.806296
PHI,1129,124.85914,1038,-88.769119
PIT,1110,-31.647861,1083,-22.688261
SEA,1083,-16.803398,1116,-20.323364
SF,1064,64.535054,1051,54.315427
TB,1128,148.94236,1104,18.273819
TEN,1088,-110.350422,1043,51.892051
WAS,1142,159.216485,1073,46.316515
