game_id,original_event_id,action_id,period_id,time_seconds,team_id,player_id,start_x,start_y,end_x,end_y,bodypart_id,bodypart_name,type_id,type_name,result_id,result_name
8658,348a8608-f476-49ac-a88c-18a2a275c937,42,1,61.947000000000003,771,5487,54.687500000000007,6.375,56.4375,1.2750000000000057,4,foot_left,0,pass,1,success
8658,c0aca216-f1cc-4b01-9a15-f2b1f08f16cf,46,1,74.667000000000002,771,5485,22.3125,9.7750000000000057,6.5625,31.875,4,foot_left,0,pass,1,success
8658,066e5958-c09b-48c4-b2d5-62a4258cf935,48,1,77.227000000000004,771,3099,6.5625,31.875,16.1875,43.774999999999999,4,foot_left,0,pass,1,success
8658,47880955-5413-43b2-b2c6-368e4fbf0f1a,51,1,96.867000000000004,771,5492,35.4375,42.924999999999997,48.5625,44.625,4,foot_left,0,pass,1,success
8658,f7e367a3-ada5-4e43-9803-29c3c5a88fae,53,1,99.027000000000001,771,4375,47.6875,45.475000000000001,33.6875,48.875,5,foot_right,0,pass,1,success
8658,7648838e-8c67-480e-94b2-0f17d08eae70,55,1,101.78700000000001,771,5492,36.3125,47.174999999999997,59.9375,46.325000000000003,4,foot_left,0,pass,1,success
8658,f263c93e-f1d6-4760-a0f0-7de00bdf2e51,56,1,102.88,771,3604,59.9375,46.325000000000003,56.4375,46.325000000000003,4,foot_left,0,pass,1,success
8658,ef5705d8-9b37-4874-ae0b-c274069d8dcd,57,1,103.44,771,4375,56.4375,46.325000000000003,52.9375,42.075000000000003,1,head,0,pass,1,success
8658,550c379e-24a3-4657-bfe5-633fdd9ab7c9,58,1,105.44,771,3604,52.9375,42.075000000000003,38.9375,27.625,5,foot_right,0,pass,1,success
8658,c80403a7-c04c-4371-a470-c92cd7dfb3f7,60,1,107.107,771,5485,38.9375,27.625,47.6875,12.325000000000003,5,foot_right,0,pass,1,success
8658,87fa44cd-0208-45f1-ae6b-d3622fd5a053,107,1,259.22699999999998,771,4375,9.1875,64.174999999999997,6.5625,55.674999999999997,4,foot_left,0,pass,1,success
8658,e8af2c24-8a33-4a4d-bb8f-cc3bfaf41876,109,1,260.42700000000002,771,3961,7.4375,55.674999999999997,9.1875,65.875,5,foot_right,0,pass,1,success
8658,a4fc56a6-62c3-49b5-9bf1-71f1be1270c4,111,1,261.78699999999998,771,5484,9.1875,65.875,6.5625,57.375,4,foot_left,0,pass,1,success
8658,78cce472-19bb-4d45-93ec-e8d4a4819f4c,126,1,293.14699999999999,771,3961,22.3125,65.025000000000006,11.8125,56.524999999999999,5,foot_right,0,pass,1,success
8658,2cf932e5-e9a1-4366-bc04-aa4d38ccd051,131,1,318.10700000000003,771,5485,22.3125,14.025000000000006,30.187499999999996,21.674999999999997,5,foot_right,0,pass,1,success
8658,93469750-4a60-45dd-9a1d-852b2084c688,133,1,320.06700000000001,771,20004,29.3125,21.674999999999997,22.3125,43.774999999999999,4,foot_left,0,pass,1,success
8658,17e532e2-8aa7-4276-9c1e-bc5f4c73c3c2,137,1,345.70699999999999,771,3961,47.6875,58.225000000000001,40.6875,59.924999999999997,5,foot_right,0,pass,1,success
8658,05c07eed-082b-4377-8db1-7bce2ec77d80,139,1,346.74700000000001,771,5492,40.6875,59.924999999999997,47.6875,59.924999999999997,4,foot_left,0,pass,1,success
8658,a4739c1e-e540-4537-af39-e568c1407dfe,141,1,348.98700000000002,771,3961,46.8125,55.674999999999997,38.9375,33.575000000000003,5,foot_right,0,pass,1,success
8658,bca51172-a836-437f-9ae4-b6e60159c673,143,1,353.86700000000002,771,20004,46.8125,29.325000000000003,52.0625,5.5250000000000057,5,foot_right,0,pass,1,success
8658,18a5aed1-78e3-47e6-96a1-97711823c10f,145,1,357.02699999999999,771,5476,49.4375,8.0750000000000028,39.8125,14.025000000000006,5,foot_right,0,pass,1,success
8658,f41307c0-67da-453b-b2af-c668b01c831d,147,1,359.18700000000001,771,5485,38.9375,17.424999999999997,35.4375,42.075000000000003,5,foot_right,0,pass,1,success
8658,70c98095-c2ed-4c8b-9162-aceb8a5ad1bc,149,1,362.54700000000003,771,5492,38.9375,42.924999999999997,47.6875,64.174999999999997,5,foot_right,0,pass,1,success
8658,f00148df-a764-4b19-984c-6f120c87b4bd,198,1,572.86699999999996,771,3099,8.3125,41.225000000000001,28.437499999999996,49.725000000000001,2,other,0,pass,1,success
8658,b8faf25c-343d-4331-b24a-4b8438388937,242,1,680.26700000000005,771,3604,66.0625,26.775000000000006,59.0625,23.375,2,other,0,pass,1,success
8658,9f8b02be-0978-4995-a322-53af3254ba59,244,1,681.42700000000002,771,20004,59.0625,23.375,69.5625,51.424999999999997,5,foot_right,0,pass,1,success
8658,9586d568-c1e9-45ad-a710-ae17060e0679,252,1,707.02700000000004,771,20004,67.8125,64.174999999999997,53.812499999999993,63.325000000000003,5,foot_right,0,pass,1,success
8658,40ff69e7-b050-4692-9a80-8ee796e6a86f,254,1,708.98699999999997,771,5492,54.687500000000007,61.625,49.4375,39.524999999999999,4,foot_left,0,pass,1,success
8658,f80f8f07-5433-4b77-89b9-72df3d39f0cf,256,1,712.54700000000003,771,5485,50.3125,28.474999999999994,58.1875,2.125,5,foot_right,0,pass,1,success
8658,64b9e545-b3b0-431e-a36c-7f3cca9eb0bd,258,1,716.66700000000003,771,5476,58.1875,8.9249999999999972,46.8125,14.025000000000006,5,foot_right,0,pass,1,success
8658,cfb2485c-c5f2-45a9-bdd8-41de28f6d374,260,1,719.947,771,5485,44.1875,17.424999999999997,50.3125,12.325000000000003,4,foot_left,0,pass,1,success
8658,84e1ff74-6fa4-43db-b72c-9285e30c3945,262,1,722.78700000000003,771,5476,42.4375,11.474999999999994,11.8125,24.224999999999994,4,foot_left,0,pass,1,success
8658,6b8b1b34-fa24-4c48-b2a1-89bca1c14868,270,1,737.18700000000001,771,4375,46.8125,44.625,48.5625,65.875,4,foot_left,0,pass,1,success
8658,198be6d1-429f-4c2e-b246-e884c35f441a,271,1,739.54700000000003,771,5484,48.5625,65.875,57.312499999999993,63.325000000000003,4,foot_left,0,pass,1,success
8658,220e0135-f83e-4908-a129-302a18f64c2d,272,1,740.46699999999998,771,5487,57.312499999999993,63.325000000000003,45.0625,60.774999999999999,5,foot_right,0,pass,1,success
8658,ba8de732-841d-470e-97c0-02313ef7003b,274,1,742.78700000000003,771,4375,45.0625,60.774999999999999,38.0625,46.325000000000003,4,foot_left,0,pass,1,success
8658,b4958b3e-0f1a-491a-ae1b-2aa9399cd43d,276,1,744.90700000000004,771,5492,38.0625,46.325000000000003,39.8125,26.775000000000006,4,foot_left,0,pass,1,success
8658,0160bd4f-94c2-4b0a-a354-42cd4fb21d29,278,1,748.58699999999999,771,5485,45.0625,23.375,56.4375,1.2750000000000057,4,foot_left,0,pass,1,success
8658,b3fb4802-1c27-4f6e-9530-a1645a675836,284,1,761.34699999999998,771,5485,36.3125,8.0750000000000028,35.4375,39.524999999999999,5,foot_right,0,pass,1,success
8658,c6d4d7c2-ae68-449f-a434-36c4c558667a,324,1,947.10699999999997,771,5484,31.0625,65.875,30.187499999999996,58.225000000000001,4,foot_left,0,pass,1,success
8658,50dff20e-016f-4150-8b10-cfe2617e3fb5,326,1,947.62699999999995,771,3961,30.187499999999996,58.225000000000001,37.1875,64.174999999999997,5,foot_right,0,pass,1,success
8658,a82ad3ef-6ad4-4fb8-b10a-f31e15f7ab3f,328,1,949.10699999999997,771,4375,38.0625,62.475000000000001,43.3125,42.075000000000003,4,foot_left,0,pass,1,success
8658,fa84a9f0-7765-4d4c-9aec-d8731bbe6cb7,330,1,951.34699999999998,771,20004,41.5625,39.524999999999999,48.5625,4.6749999999999972,5,foot_right,0,pass,1,success
8658,697c8348-f716-4dc9-b5c2-ff8d5ccdf219,334,1,956.78700000000003,771,3009,38.9375,14.875,24.9375,22.525000000000006,5,foot_right,0,pass,1,success
8658,974b506d-6516-44dd-87cd-d2cfe8d6a1b5,336,1,959.10699999999997,771,5485,23.1875,23.375,33.6875,42.075000000000003,4,foot_left,0,pass,1,success
8658,8eb1ebd8-9f0d-471d-9a9d-976d6e254a10,338,1,962.10699999999997,771,3961,38.9375,42.924999999999997,45.9375,43.774999999999999,4,foot_left,0,pass,1,success
8658,7e530529-43bb-414f-8434-3896407d5941,339,1,963.15999999999997,771,4375,45.9375,43.774999999999999,39.8125,48.875,4,foot_left,0,pass,1,success
8658,b3974645-66b8-4f26-a097-8ee13084cf3f,353,1,980.26700000000005,771,3604,79.1875,2.125,49.4375,14.025000000000006,4,foot_left,0,pass,1,success
8658,e2d0f71f-66a5-4b9c-8d10-ffc086ce49a3,355,1,984.46699999999998,771,5485,49.4375,21.674999999999997,57.312499999999993,62.475000000000001,5,foot_right,0,pass,1,success
8658,c25d4c47-2e6c-49c7-8c48-46fec6f06007,359,1,993.78700000000003,771,5487,82.6875,25.075000000000003,93.1875,12.325000000000003,1,head,0,pass,1,success
8658,ef48ab57-ba92-4e0c-992b-b755d98f9d2e,372,1,1012.5069999999999,771,5485,70.4375,9.7750000000000057,80.0625,20.825000000000003,5,foot_right,0,pass,1,success
8658,a1abd2bb-d135-4622-b467-bebafe3fd845,394,1,1182.867,771,5484,17.0625,53.125,28.437499999999996,53.975000000000001,4,foot_left,0,pass,1,success
8658,3aaa3f00-be5b-4608-90be-392b1da17b50,396,1,1185.2670000000001,771,3961,29.3125,58.225000000000001,29.3125,66.724999999999994,5,foot_right,0,pass,1,success
8658,b4cdcf1e-2218-4998-89d1-eec9e76aa28a,398,1,1185.9469999999999,771,4375,29.3125,66.724999999999994,38.9375,59.924999999999997,4,foot_left,0,pass,1,success
8658,ed0e1909-c7ee-4d43-87ac-1412f3b5e1f9,411,1,1309.547,771,5492,41.5625,65.875,21.4375,42.924999999999997,5,foot_right,0,pass,1,success
8658,1739d3c5-1220-47ee-84de-646ec6bae861,427,1,1341.107,771,4375,49.4375,47.174999999999997,55.5625,38.674999999999997,4,foot_left,0,pass,1,success
8658,21fcfcb1-1dec-4659-9109-86bab109673c,428,1,1343.067,771,20004,55.5625,38.674999999999997,78.3125,25.924999999999997,5,foot_right,0,pass,1,success
8658,e66fd0a2-6035-4631-9eb2-a1c19357d7b1,449,1,1457.2270000000001,771,5487,70.4375,45.475000000000001,73.9375,65.875,4,foot_left,0,pass,1,success
8658,1e5b35c8-173b-4835-8d89-d0d92e0bbd58,454,1,1491.307,771,4375,59.0625,63.325000000000003,70.4375,46.325000000000003,1,head,0,pass,1,success
8658,88e4e71e-f3e8-455e-893a-c7125067320c,463,1,1512.3869999999999,771,5492,37.1875,53.975000000000001,57.312499999999993,48.024999999999999,4,foot_left,0,pass,1,success
8658,9a8baf9d-63c5-4516-b7a6-ff7f90b1c8cb,466,1,1534.347,771,5485,27.5625,25.075000000000003,27.5625,54.825000000000003,5,foot_right,0,pass,1,success
8658,59e7ff0d-8673-4f42-93ba-4eba07170ea8,482,1,1590.307,771,5487,54.687500000000007,46.325000000000003,41.5625,7.2249999999999943,4,foot_left,0,pass,1,success
8658,11b78999-9273-4f24-8880-b6c31190b529,484,1,1596.1469999999999,771,5476,46.8125,4.6749999999999972,58.1875,1.2750000000000057,5,foot_right,0,pass,1,success
8658,bed8062e-d6a9-4dca-b262-eabf00040814,485,1,1597.2270000000001,771,3009,58.1875,1.2750000000000057,60.812500000000007,8.0750000000000028,5,foot_right,0,pass,1,success
8658,19639071-761a-42ac-bdb6-bdf0c54314ab,512,1,1784.2670000000001,771,5485,59.9375,31.025000000000006,13.562500000000002,33.575000000000003,5,foot_right,0,pass,1,success
8658,140f842e-71a4-4582-9c4d-5b3fd403ce39,514,1,1789.4269999999999,771,3099,15.312500000000002,31.875,60.812500000000007,5.5250000000000057,4,foot_left,0,pass,1,success
8658,6237687b-fa40-4a8b-a15e-093af4d9400a,526,1,1840.4269999999999,771,20004,31.937499999999996,61.625,39.8125,51.424999999999997,5,foot_right,0,pass,1,success
8658,cb14505b-2fb4-4017-b686-e7fba9fca4fd,599,1,2382.107,771,3099,12.6875,25.075000000000003,65.1875,17.424999999999997,4,foot_left,0,pass,1,success
8658,7da59786-7e1f-4af9-b1fa-f004a7aac935,600,1,2385.067,771,3604,64.3125,17.424999999999997,63.437499999999993,2.9749999999999943,0,foot,0,pass,1,success
8658,951d37c2-3447-47cf-9890-27f279a27211,692,1,2765.027,771,5485,36.3125,36.125,48.5625,43.774999999999999,4,foot_left,0,pass,1,success
8658,e8485fc6-bec9-4abe-b4ad-0801ff848430,696,1,2767.7869999999998,771,5487,45.0625,43.774999999999999,41.5625,41.225000000000001,5,foot_right,0,pass,1,success
8658,5894b9bf-62dc-4c0b-a21d-cd9dfbad59a9,698,1,2768.9870000000001,771,4375,41.5625,41.225000000000001,32.8125,39.524999999999999,5,foot_right,0,pass,1,success
8658,a24d6e53-21bf-4a6d-9f81-6c9ccfd567eb,700,1,2770.547,771,5492,32.8125,39.524999999999999,56.4375,25.075000000000003,4,foot_left,0,pass,1,success
8658,b1c82cbc-4397-47dc-9efe-24b45e0f2c5e,708,1,2795.9870000000001,771,3099,15.312500000000002,39.524999999999999,84.4375,28.474999999999994,0,foot,0,pass,1,success
8658,d7bd30f3-063d-4306-97bb-09c87f6346b8,723,1,2826.9200000000001,771,3604,60.812500000000007,49.725000000000001,60.812500000000007,44.625,4,foot_left,0,pass,1,success
