x,y,fill
-12.6500000000000, 0.00000000000000e+00,#ffffff
-12.6499955497967, 1.41512249611524e-03,#ffffff
-12.6499821993629, 2.83018901371674e-03,#ffffff
-12.6499599492266, 4.24514357650510e-03,#ffffff
-12.6499288002680, 5.65993021260957e-03,#ffffff
-12.6498887537193, 7.07449295680214e-03,#ffffff
-12.6498398111646, 8.48877585271137e-03,#ffffff
-12.6497819745399, 9.90272295503587e-03,#ffffff
-12.6497152461332, 1.13162783317574e-02,#ffffff
-12.6496396285840, 1.27293860663533e-02,#ffffff
-12.6495551248836, 1.41419902600084e-02,#ffffff
-12.6494617383746, 1.55540350338265e-02,#ffffff
-12.6493594727513, 1.69654645310404e-02,#ffffff
-12.6492483320590, 1.83762229192215e-02,#ffffff
-12.6491283206940, 1.97862543924888e-02,#ffffff
-12.6489994434038, 2.11955031737159e-02,#ffffff
-12.6488617052864, 2.26039135167378e-02,#ffffff
-12.6487151117903, 2.40114297085557e-02,#ffffff
-12.6485596687144, 2.54179960715414e-02,#ffffff
-12.6483953822077, 2.68235569656390e-02,#ffffff
-12.6482222587688, 2.82280567905666e-02,#ffffff
-12.6480403052460, 2.96314399880153e-02,#ffffff
-12.6478495288370, 3.10336510438471e-02,#ffffff
-12.6476499370884, 3.24346344902906e-02,#ffffff
-12.6474415378955, 3.38343349081358e-02,#ffffff
-12.6472243395020, 3.52326969289255e-02,#ffffff
-12.6469983504998, 3.66296652371462e-02,#ffffff
-12.6467635798282, 3.80251845724160e-02,#ffffff
-12.6465200367744, 3.94191997316705e-02,#ffffff
-12.6462677309721, 4.08116555713465e-02,#ffffff
-12.6460066724019, 4.22024970095634e-02,#ffffff
-12.6457368713906, 4.35916690283020e-02,#ffffff
-12.6454583386109, 4.49791166755810e-02,#ffffff
-12.6451710850807, 4.63647850676308e-02,#ffffff
-12.6448751221631, 4.77486193910643e-02,#ffffff
-12.6445704615656, 4.91305649050452e-02,#ffffff
-12.6442571153396, 5.05105669434538e-02,#ffffff
-12.6439350958805, 5.18885709170490e-02,#ffffff
-12.6436044159263, 5.32645223156279e-02,#ffffff
-12.6432650885580, 5.46383667101821e-02,#ffffff
-12.6429171271985, 5.60100497550506e-02,#ffffff
-12.6425605456121, 5.73795171900698e-02,#ffffff
-12.6421953579043, 5.87467148427198e-02,#ffffff
-12.6418215785210, 6.01115886302673e-02,#ffffff
-12.6414392222479, 6.14740845619048e-02,#ffffff
-12.6410483042100, 6.28341487408868e-02,#ffffff
-12.6406488398709, 6.41917273666612e-02,#ffffff
-12.6402408450325, 6.55467667369981e-02,#ffffff
-12.6398243358340, 6.68992132501138e-02,#ffffff
-12.6393993287513, 6.82490134067910e-02,#ffffff
-12.6389658405966, 6.95961138124955e-02,#ffffff
-12.6385238885175, 7.09404611794880e-02,#ffffff
-12.6380734899966, 7.22820023289323e-02,#ffffff
-12.6376146628503, 7.36206841929986e-02,#ffffff
-12.6371474252287, 7.49564538169630e-02,#ffffff
-12.6366717956145, 7.62892583613019e-02,#ffffff
-12.6361877928224, 7.76190451037829e-02,#ffffff
-12.6356954359981, 7.89457614415494e-02,#ffffff
-12.6351947446180, 8.02693548932021e-02,#ffffff
-12.6346857384882, 8.15897731008750e-02,#ffffff
-12.6341684377436, 8.29069638323062e-02,#ffffff
-12.6336428628473, 8.42208749829042e-02,#ffffff
-12.6331090345896, 8.55314545778093e-02,#ffffff
-12.6325669740873, 8.68386507739489e-02,#ffffff
-12.6320167027830, 8.81424118620894e-02,#ffffff
-12.6314582424439, 8.94426862688804e-02,#ffffff
-12.6308916151612, 9.07394225588958e-02,#ffffff
-12.6303168433492, 9.20325694366678e-02,#ffffff
-12.6297339497444, 9.33220757487166e-02,#ffffff
-12.6291429574045, 9.46078904855732e-02,#ffffff
-12.6285438897077, 9.58899627837979e-02,#ffffff
-12.6279367703513, 9.71682419279919e-02,#ffffff
-12.6273216233516, 9.84426773528035e-02,#ffffff
-12.6266984730420, 9.97132186449284e-02,#ffffff
-12.6260673440728, 1.00979815545104e-01,#ffffff
-12.6254282614097, 1.02242417950097e-01,#ffffff
-12.6247812503332, 1.03500975914687e-01,#ffffff
-12.6241263364374, 1.04755439653640e-01,#ffffff
-12.6234635456288, 1.06005759543679e-01,#ffffff
-12.6227929041258, 1.07251886125446e-01,#ffffff
-12.6221144384572, 1.08493770105461e-01,#ffffff
-12.6214281754613, 1.09731362358068e-01,#ffffff
-12.6207341422848, 1.10964613927382e-01,#ffffff
-12.6200323663818, 1.12193476029223e-01,#ffffff
-12.6193228755128, 1.13417900053048e-01,#ffffff
-12.6186056977433, 1.14637837563871e-01,#ffffff
-12.6178808614431, 1.15853240304183e-01,#ffffff
-12.6171483952846, 1.17064060195855e-01,#ffffff
-12.6164083282425, 1.18270249342047e-01,#ffffff
-12.6156606895916, 1.19471760029097e-01,#ffffff
-12.6149055089067, 1.20668544728411e-01,#ffffff
-12.6141428160608, 1.21860556098343e-01,#ffffff
-12.6133726412239, 1.23047746986066e-01,#ffffff
-12.6125950148621, 1.24230070429441e-01,#ffffff
-12.6118099677362, 1.25407479658869e-01,#ffffff
-12.6110175309008, 1.26579928099148e-01,#ffffff
-12.6102177357024, 1.27747369371309e-01,#ffffff
-12.6094106137788, 1.28909757294454e-01,#ffffff
-12.6085961970578, 1.30067045887583e-01,#ffffff
-12.6077745177554, 1.31219189371411e-01,#ffffff
-12.6069456083751, 1.32366142170181e-01,#ffffff
-12.6061095017064, 1.33507858913465e-01,#ffffff
-12.6052662308235, 1.34644294437959e-01,#ffffff
-12.6044158290839, 1.35775403789271e-01,#ffffff
-12.6035583301273, 1.36901142223699e-01,#ffffff
-12.6026937678741, 1.38021465209999e-01,#ffffff
-12.6018221765240, 1.39136328431148e-01,#ffffff
-12.6009435905551, 1.40245687786099e-01,#ffffff
-12.6000580447216, 1.41349499391520e-01,#ffffff
-12.5991655740537, 1.42447719583535e-01,#ffffff
-12.5982662138550, 1.43540304919450e-01,#ffffff
-12.5973599997018, 1.44627212179471e-01,#ffffff
-12.5964469674416, 1.45708398368414e-01,#ffffff
-12.5955271531915, 1.46783820717403e-01,#ffffff
-12.5946005933370, 1.47853436685567e-01,#ffffff
-12.5936673245303, 1.48917203961720e-01,#ffffff
-12.5927273836891, 1.49975080466034e-01,#ffffff
-12.5917808079950, 1.51027024351703e-01,#ffffff
-12.5908276348920, 1.52072994006603e-01,#ffffff
-12.5898679020851, 1.53112948054932e-01,#ffffff
-12.5889016475387, 1.54146845358851e-01,#ffffff
-12.5879289094755, 1.55174645020109e-01,#ffffff
-12.5869497263743, 1.56196306381663e-01,#ffffff
-12.5859641369691, 1.57211789029283e-01,#ffffff
-12.5849721802471, 1.58221052793154e-01,#ffffff
-12.5839738954476, 1.59224057749463e-01,#ffffff
-12.5829693220601, 1.60220764221981e-01,#ffffff
-12.5819584998228, 1.61211132783626e-01,#ffffff
-12.5809414687212, 1.62195124258032e-01,#ffffff
-12.5799182689864, 1.63172699721089e-01,#ffffff
-12.5788889410934, 1.64143820502492e-01,#ffffff
-12.5778535257598, 1.65108448187264e-01,#ffffff
-12.5768120639438, 1.66066544617276e-01,#ffffff
-12.5757645968430, 1.67018071892762e-01,#ffffff
-12.5747111658923, 1.67962992373812e-01,#ffffff
-12.5736518127628, 1.68901268681863e-01,#ffffff
-12.5725865793596, 1.69832863701180e-01,#ffffff
-12.5715155078205, 1.70757740580320e-01,#ffffff
-12.5704386405144, 1.71675862733594e-01,#ffffff
-12.5693560200392, 1.72587193842510e-01,#ffffff
-12.5682676892206, 1.73491697857213e-01,#ffffff
-12.5671736911101, 1.74389338997910e-01,#ffffff
-12.5660740689833, 1.75280081756286e-01,#ffffff
-12.5649688663384, 1.76163890896904e-01,#ffffff
-12.5638581268943, 1.77040731458608e-01,#ffffff
-12.5627418945890, 1.77910568755896e-01,#ffffff
-12.5616202135775, 1.78773368380300e-01,#ffffff
-12.5604931282307, 1.79629096201741e-01,#ffffff
-12.5593606831331, 1.80477718369885e-01,#ffffff
-12.5582229230813, 1.81319201315476e-01,#ffffff
-12.5570798930819, 1.82153511751667e-01,#ffffff
-12.5559316383504, 1.82980616675340e-01,#ffffff
-12.5547782043085, 1.83800483368404e-01,#ffffff
-12.5536196365832, 1.84613079399095e-01,#ffffff
-12.5524559810042, 1.85418372623257e-01,#ffffff
-12.5512872836028, 1.86216331185615e-01,#ffffff
-12.5501135906095, 1.87006923521031e-01,#ffffff
-12.5489349484525, 1.87790118355759e-01,#ffffff
-12.5477514037559, 1.88565884708676e-01,#ffffff
-12.5465630033374, 1.89334191892511e-01,#ffffff
-12.5453697942071, 1.90095009515059e-01,#ffffff
-12.5441718235653, 1.90848307480381e-01,#ffffff
-12.5429691388004, 1.91594055989995e-01,#ffffff
-12.5417617874875, 1.92332225544058e-01,#ffffff
-12.5405498173862, 1.93062786942530e-01,#ffffff
-12.5393332764389, 1.93785711286327e-01,#ffffff
-12.5381122127687, 1.94500969978470e-01,#ffffff
-12.5368866746777, 1.95208534725210e-01,#ffffff
-12.5356567106450, 1.95908377537154e-01,#ffffff
-12.5344223693246, 1.96600470730364e-01,#ffffff
-12.5331836995438, 1.97284786927460e-01,#ffffff
-12.5319407503012, 1.97961299058697e-01,#ffffff
-12.5306935707646, 1.98629980363039e-01,#ffffff
-12.5294422102691, 1.99290804389219e-01,#ffffff
-12.5281867183152, 1.99943744996780e-01,#ffffff
-12.5269271445669, 2.00588776357114e-01,#ffffff
-12.5256635388495, 2.01225872954481e-01,#ffffff
-12.5243959511480, 2.01855009587021e-01,#ffffff
-12.5231244316049, 2.02476161367747e-01,#ffffff
-12.5218490305180, 2.03089303725533e-01,#ffffff
-12.5205697983389, 2.03694412406084e-01,#ffffff
-12.5192867856706, 2.04291463472898e-01,#ffffff
-12.5180000432658, 2.04880433308208e-01,#ffffff
-12.5167096220245, 2.05461298613921e-01,#ffffff
-12.5154155729925, 2.06034036412538e-01,#ffffff
-12.5141179473588, 2.06598624048062e-01,#ffffff
-12.5128167964542, 2.07155039186894e-01,#ffffff
-12.5115121717487, 2.07703259818720e-01,#ffffff
-12.5102041248499, 2.08243264257378e-01,#ffffff
-12.5088927075006, 2.08775031141715e-01,#ffffff
-12.5075779715770, 2.09298539436436e-01,#ffffff
-12.5062599690867, 2.09813768432934e-01,#ffffff
-12.5049387521663, 2.10320697750109e-01,#ffffff
-12.5036143730797, 2.10819307335174e-01,#ffffff
-12.5022868842159, 2.11309577464448e-01,#ffffff
-12.5009563380867, 2.11791488744138e-01,#ffffff
-12.4996227873251, 2.12265022111106e-01,#ffffff
-12.4982862846829, 2.12730158833619e-01,#ffffff
-12.4969468830285, 2.13186880512097e-01,#ffffff
-12.4956046353452, 2.13635169079833e-01,#ffffff
-12.4942595947287, 2.14075006803715e-01,#ffffff
-12.4929118143854, 2.14506376284922e-01,#ffffff
-12.4915613476297, 2.14929260459615e-01,#ffffff
-12.4902082478827, 2.15343642599611e-01,#ffffff
-12.4888525686694, 2.15749506313046e-01,#ffffff
-12.4874943636168, 2.16146835545022e-01,#ffffff
-12.4861336864521, 2.16535614578243e-01,#ffffff
-12.4847705909999, 2.16915828033634e-01,#ffffff
-12.4834051311809, 2.17287460870955e-01,#ffffff
-12.4820373610088, 2.17650498389390e-01,#ffffff
-12.4806673345892, 2.18004926228134e-01,#ffffff
-12.4792951061166, 2.18350730366954e-01,#ffffff
-12.4779207298729, 2.18687897126753e-01,#ffffff
-12.4765442602246, 2.19016413170101e-01,#ffffff
-12.4751657516214, 2.19336265501770e-01,#ffffff
-12.4737852585933, 2.19647441469247e-01,#ffffff
-12.4724028357490, 2.19949928763229e-01,#ffffff
-12.4710185377736, 2.20243715418119e-01,#ffffff
-12.4696324194262, 2.20528789812490e-01,#ffffff
-12.4682445355380, 2.20805140669551e-01,#ffffff
-12.4668549410101, 2.21072757057591e-01,#ffffff
-12.4654636908110, 2.21331628390412e-01,#ffffff
-12.4640708399751, 2.21581744427747e-01,#ffffff
-12.4626764435997, 2.21823095275664e-01,#ffffff
-12.4612805568437, 2.22055671386961e-01,#ffffff
-12.4598832349244, 2.22279463561540e-01,#ffffff
-12.4584845331165, 2.22494462946773e-01,#ffffff
-12.4570845067486, 2.22700661037851e-01,#ffffff
-12.4556832112024, 2.22898049678122e-01,#ffffff
-12.4542807019092, 2.23086621059412e-01,#ffffff
-12.4528770343487, 2.23266367722333e-01,#ffffff
-12.4514722640462, 2.23437282556583e-01,#ffffff
-12.4500664465707, 2.23599358801220e-01,#ffffff
-12.4486596375328, 2.23752590044937e-01,#ffffff
-12.4472518925820, 2.23896970226310e-01,#ffffff
-12.4458432674050, 2.24032493634038e-01,#ffffff
-12.4444338177233, 2.24159154907175e-01,#ffffff
-12.4430235992910, 2.24276949035333e-01,#ffffff
-12.4416126678927, 2.24385871358887e-01,#ffffff
-12.4402010793410, 2.24485917569159e-01,#ffffff
-12.4387888894748, 2.24577083708583e-01,#ffffff
-12.4373761541564, 2.24659366170868e-01,#ffffff
-12.4359629292701, 2.24732761701136e-01,#ffffff
-12.4345492707191, 2.24797267396053e-01,#ffffff
-12.4331352344242, 2.24852880703946e-01,#ffffff
-12.4317208763209, 2.24899599424897e-01,#ffffff
-12.4303062523574, 2.24937421710837e-01,#ffffff
-12.4288914184926, 2.24966346065618e-01,#ffffff
-12.4274764306936, 2.24986371345066e-01,#ffffff
-12.4260613449334, 2.24997496757036e-01,#ffffff
-12.4246462171893, 2.24999721861434e-01,#ffffff
-12.4232311034399, 2.24993046570243e-01,#ffffff
-12.4218160596633, 2.24977471147519e-01,#ffffff
-12.4204011418351, 2.24952996209383e-01,#ffffff
-12.4189864059255, 2.24919622724002e-01,#ffffff
-12.4175719078979, 2.24877352011541e-01,#ffffff
-12.4161577037060, 2.24826185744118e-01,#ffffff
-12.4147438492920, 2.24766125945736e-01,#ffffff
-12.4133304005843, 2.24697174992203e-01,#ffffff
-12.4119174134951, 2.24619335611035e-01,#ffffff
-12.4105049439186, 2.24532610881355e-01,#ffffff
-12.4090930477283, 2.24437004233762e-01,#ffffff
-12.4076817807751, 2.24332519450205e-01,#ffffff
-12.4062711988849, 2.24219160663826e-01,#ffffff
-12.4048613578567, 2.24096932358798e-01,#ffffff
-12.4034523134601, 2.23965839370153e-01,#ffffff
-12.4020441214331, 2.23825886883582e-01,#ffffff
-12.4006368374801, 2.23677080435236e-01,#ffffff
-12.3992305172696, 2.23519425911507e-01,#ffffff
-12.3978252164319, 2.23352929548792e-01,#ffffff
-12.3964209905570, 2.23177597933247e-01,#ffffff
-12.3950178951922, 2.22993438000529e-01,#ffffff
-12.3936159858405, 2.22800457035520e-01,#ffffff
-12.3922153179576, 2.22598662672036e-01,#ffffff
-12.3908159469503, 2.22388062892531e-01,#ffffff
-12.3894179281739, 2.22168666027778e-01,#ffffff
-12.3880213169305, 2.21940480756536e-01,#ffffff
-12.3866261684662, 2.21703516105214e-01,#ffffff
-12.3852325379695, 2.21457781447508e-01,#ffffff
-12.3838404805687, 2.21203286504033e-01,#ffffff
-12.3824500513300, 2.20940041341939e-01,#ffffff
-12.3810613052550, 2.20668056374509e-01,#ffffff
-12.3796742972789, 2.20387342360751e-01,#ffffff
-12.3782890822680, 2.20097910404972e-01,#ffffff
-12.3769057150179, 2.19799771956336e-01,#ffffff
-12.3755242502508, 2.19492938808414e-01,#ffffff
-12.3741447426139, 2.19177423098716e-01,#ffffff
-12.3727672466769, 2.18853237308211e-01,#ffffff
-12.3713918169298, 2.18520394260835e-01,#ffffff
-12.3700185077811, 2.18178907122980e-01,#ffffff
-12.3686473735551, 2.17828789402977e-01,#ffffff
-12.3672784684905, 2.17470054950559e-01,#ffffff
-12.3659118467374, 2.17102717956316e-01,#ffffff
-12.3645475623559, 2.16726792951130e-01,#ffffff
-12.3631856693133, 2.16342294805603e-01,#ffffff
-12.3618262214826, 2.15949238729468e-01,#ffffff
-12.3604692726400, 2.15547640270985e-01,#ffffff
-12.3591148764628, 2.15137515316331e-01,#ffffff
-12.3577630865273, 2.14718880088969e-01,#ffffff
-12.3564139563067, 2.14291751149002e-01,#ffffff
-12.3550675391692, 2.13856145392525e-01,#ffffff
-12.3537238883754, 2.13412080050954e-01,#ffffff
-12.3523830570766, 2.12959572690342e-01,#ffffff
-12.3510450983125, 2.12498641210687e-01,#ffffff
-12.3497100650093, 2.12029303845222e-01,#ffffff
-12.3483780099773, 2.11551579159696e-01,#ffffff
-12.3470489859092, 2.11065486051637e-01,#ffffff
-12.3457230453776, 2.10571043749608e-01,#ffffff
-12.3444002408333, 2.10068271812440e-01,#ffffff
-12.3430806246028, 2.09557190128467e-01,#ffffff
-12.3417642488868, 2.09037818914732e-01,#ffffff
-12.3404511657576, 2.08510178716189e-01,#ffffff
-12.3391414271573, 2.07974290404894e-01,#ffffff
-12.3378350848957, 2.07430175179176e-01,#ffffff
-12.3365321906483, 2.06877854562796e-01,#ffffff
-12.3352327959540, 2.06317350404103e-01,#ffffff
-12.3339369522136, 2.05748684875162e-01,#ffffff
-12.3326447106872, 2.05171880470883e-01,#ffffff
-12.3313561224925, 2.04586960008125e-01,#ffffff
-12.3300712386026, 2.03993946624800e-01,#ffffff
-12.3287901098442, 2.03392863778954e-01,#ffffff
-12.3275127868952, 2.02783735247838e-01,#ffffff
-12.3262393202833, 2.02166585126970e-01,#ffffff
-12.3249697603834, 2.01541437829183e-01,#ffffff
-12.3237041574160, 2.00908318083653e-01,#ffffff
-12.3224425614450, 2.00267250934929e-01,#ffffff
-12.3211850223757, 1.99618261741936e-01,#ffffff
-12.3199315899532, 1.98961376176975e-01,#ffffff
-12.3186823137599, 1.98296620224707e-01,#ffffff
-12.3174372432138, 1.97624020181123e-01,#ffffff
-12.3161964275667, 1.96943602652508e-01,#ffffff
-12.3149599159020, 1.96255394554384e-01,#ffffff
-12.3137277571328, 1.95559423110450e-01,#ffffff
-12.3125000000000, 1.94855715851499e-01,#ffffff
-12.3112766930705, 1.94144300614335e-01,#ffffff
-12.3100578847352, 1.93425205540668e-01,#ffffff
-12.3088436232068, 1.92698459076003e-01,#ffffff
-12.3076339565182, 1.91964089968513e-01,#ffffff
-12.3064289325209, 1.91222127267904e-01,#ffffff
-12.3052285988822, 1.90472600324264e-01,#ffffff
-12.3040330030843, 1.89715538786900e-01,#ffffff
-12.3028421924218, 1.88950972603171e-01,#ffffff
-12.3016562139999, 1.88178932017300e-01,#ffffff
-12.3004751147330, 1.87399447569174e-01,#ffffff
-12.2992989413420, 1.86612550093144e-01,#ffffff
-12.2981277403535, 1.85818270716797e-01,#ffffff
-12.2969615580969, 1.85016640859732e-01,#ffffff
-12.2958004407034, 1.84207692232311e-01,#ffffff
-12.2946444341037, 1.83391456834409e-01,#ffffff
-12.2934935840264, 1.82567966954145e-01,#ffffff
-12.2923479359961, 1.81737255166607e-01,#ffffff
-12.2912075353315, 1.80899354332562e-01,#ffffff
-12.2900724271441, 1.80054297597157e-01,#ffffff
-12.2889426563355, 1.79202118388609e-01,#ffffff
-12.2878182675967, 1.78342850416879e-01,#ffffff
-12.2866993054053, 1.77476527672342e-01,#ffffff
-12.2855858140247, 1.76603184424441e-01,#ffffff
-12.2844778375016, 1.75722855220331e-01,#ffffff
-12.2833754196647, 1.74835574883515e-01,#ffffff
-12.2822786041226, 1.73941378512462e-01,#ffffff
-12.2811874342626, 1.73040301479221e-01,#ffffff
-12.2801019532483, 1.72132379428025e-01,#ffffff
-12.2790222040187, 1.71217648273875e-01,#ffffff
-12.2779482292856, 1.70296144201123e-01,#ffffff
-12.2768800715328, 1.69367903662040e-01,#ffffff
-12.2758177730137, 1.68432963375373e-01,#ffffff
-12.2747613757501, 1.67491360324894e-01,#ffffff
-12.2737109215301, 1.66543131757937e-01,#ffffff
-12.2726664519072, 1.65588315183923e-01,#ffffff
-12.2716280081976, 1.64626948372878e-01,#ffffff
-12.2705956314795, 1.63659069353936e-01,#ffffff
-12.2695693625911, 1.62684716413840e-01,#ffffff
-12.2685492421287, 1.61703928095421e-01,#ffffff
-12.2675353104457, 1.60716743196080e-01,#ffffff
-12.2665276076505, 1.59723200766246e-01,#ffffff
-12.2655261736052, 1.58723340107840e-01,#ffffff
-12.2645310479238, 1.57717200772710e-01,#ffffff
-12.2635422699710, 1.56704822561075e-01,#ffffff
-12.2625598788602, 1.55686245519948e-01,#ffffff
-12.2615839134522, 1.54661509941550e-01,#ffffff
-12.2606144123536, 1.53630656361718e-01,#ffffff
-12.2596514139152, 1.52593725558300e-01,#ffffff
-12.2586949562309, 1.51550758549545e-01,#ffffff
-12.2577450771354, 1.50501796592476e-01,#ffffff
-12.2568018142036, 1.49446881181263e-01,#ffffff
-12.2558652047485, 1.48386054045577e-01,#ffffff
-12.2549352858197, 1.47319357148940e-01,#ffffff
-12.2540120942025, 1.46246832687071e-01,#ffffff
-12.2530956664160, 1.45168523086206e-01,#ffffff
-12.2521860387115, 1.44084471001431e-01,#ffffff
-12.2512832470715, 1.42994719314987e-01,#ffffff
-12.2503873272081, 1.41899311134575e-01,#ffffff
-12.2494983145615, 1.40798289791656e-01,#ffffff
-12.2486162442988, 1.39691698839730e-01,#ffffff
-12.2477411513122, 1.38579582052615e-01,#ffffff
-12.2468730702182, 1.37461983422720e-01,#ffffff
-12.2460120353557, 1.36338947159298e-01,#ffffff
-12.2451580807851, 1.35210517686703e-01,#ffffff
-12.2443112402865, 1.34076739642627e-01,#ffffff
-12.2434715473587, 1.32937657876341e-01,#ffffff
-12.2426390352177, 1.31793317446914e-01,#ffffff
-12.2418137367955, 1.30643763621436e-01,#ffffff
-12.2409956847388, 1.29489041873225e-01,#ffffff
-12.2401849114075, 1.28329197880028e-01,#ffffff
-12.2393814488736, 1.27164277522213e-01,#ffffff
-12.2385853289201, 1.25994326880959e-01,#ffffff
-12.2377965830394, 1.24819392236426e-01,#ffffff
-12.2370152424321, 1.23639520065931e-01,#ffffff
-12.2362413380060, 1.22454757042105e-01,#ffffff
-12.2354749003748, 1.21265150031049e-01,#ffffff
-12.2347159598567, 1.20070746090478e-01,#ffffff
-12.2339645464733, 1.18871592467862e-01,#ffffff
-12.2332206899486, 1.17667736598556e-01,#ffffff
-12.2324844197077, 1.16459226103923e-01,#ffffff
-12.2317557648754, 1.15246108789451e-01,#ffffff
-12.2310347542754, 1.14028432642861e-01,#ffffff
-12.2303214164289, 1.12806245832211e-01,#ffffff
-12.2296157795538, 1.11579596703988e-01,#ffffff
-12.2289178715631, 1.10348533781195e-01,#ffffff
-12.2282277200643, 1.09113105761435e-01,#ffffff
-12.2275453523579, 1.07873361514982e-01,#ffffff
-12.2268707954366, 1.06629350082850e-01,#ffffff
-12.2262040759842, 1.05381120674849e-01,#ffffff
-12.2255452203741, 1.04128722667642e-01,#ffffff
-12.2248942546691, 1.02872205602793e-01,#ffffff
-12.2242512046197, 1.01611619184801e-01,#ffffff
-12.2236160956631, 1.00347013279142e-01,#ffffff
-12.2229889529227, 9.90784379102894e-02,#ffffff
-12.2223698012066, 9.78059432597391e-02,#ffffff
-12.2217586650066, 9.65295796640235e-02,#ffffff
-12.2211555684979, 9.52493976127203e-02,#ffffff
-12.2205605355373, 9.39654477464551e-02,#ffffff
-12.2199735896627, 9.26777808548984e-02,#ffffff
-12.2193947540921, 9.13864478747563e-02,#ffffff
-12.2188240517229, 9.00914998877559e-02,#ffffff
-12.2182615051304, 8.87929881186243e-02,#ffffff
-12.2177071365675, 8.74909639330623e-02,#ffffff
-12.2171609679635, 8.61854788357128e-02,#ffffff
-12.2166230209236, 8.48765844681233e-02,#ffffff
-12.2160933167273, 8.35643326067029e-02,#ffffff
-12.2155718763285, 8.22487751606744e-02,#ffffff
-12.2150587203539, 8.09299641700206e-02,#ffffff
-12.2145538691027, 7.96079518034262e-02,#ffffff
-12.2140573425453, 7.82827903562139e-02,#ffffff
-12.2135691603232, 7.69545322482755e-02,#ffffff
-12.2130893417474, 7.56232300219987e-02,#ffffff
-12.2126179057984, 7.42889363401883e-02,#ffffff
-12.2121548711250, 7.29517039839835e-02,#ffffff
-12.2117002560434, 7.16115858507695e-02,#ffffff
-12.2112540785372, 7.02686349520852e-02,#ffffff
-12.2108163562559, 6.89229044115264e-02,#ffffff
-12.2103871065147, 6.75744474626439e-02,#ffffff
-12.2099663462936, 6.62233174468385e-02,#ffffff
-12.2095540922366, 6.48695678112500e-02,#ffffff
-12.2091503606516, 6.35132521066437e-02,#ffffff
-12.2087551675090, 6.21544239852918e-02,#ffffff
-12.2083685284417, 6.07931371988510e-02,#ffffff
-12.2079904587440, 5.94294455962365e-02,#ffffff
-12.2076209733715, 5.80634031214914e-02,#ffffff
-12.2072600869400, 5.66950638116532e-02,#ffffff
-12.2069078137251, 5.53244817946164e-02,#ffffff
-12.2065641676620, 5.39517112869907e-02,#ffffff
-12.2062291623443, 5.25768065919569e-02,#ffffff
-12.2059028110239, 5.11998220971186e-02,#ffffff
-12.2055851266105, 4.98208122723509e-02,#ffffff
-12.2052761216708, 4.84398316676454e-02,#ffffff
-12.2049758084283, 4.70569349109528e-02,#ffffff
-12.2046841987625, 4.56721767060214e-02,#ffffff
-12.2044013042087, 4.42856118302337e-02,#ffffff
-12.2041271359575, 4.28972951324396e-02,#ffffff
-12.2038617048544, 4.15072815307858e-02,#ffffff
-12.2036050213989, 4.01156260105446e-02,#ffffff
-12.2033570957449, 3.87223836219381e-02,#ffffff
-12.2031179376996, 3.73276094779606e-02,#ffffff
-12.2028875567236, 3.59313587521987e-02,#ffffff
-12.2026659619300, 3.45336866766487e-02,#ffffff
-12.2024531620846, 3.31346485395319e-02,#ffffff
-12.2022491656051, 3.17342996831069e-02,#ffffff
-12.2020539805612, 3.03326955014816e-02,#ffffff
-12.2018676146738, 2.89298914384206e-02,#ffffff
-12.2016900753151, 2.75259429851529e-02,#ffffff
-12.2015213695081, 2.61209056781768e-02,#ffffff
-12.2013615039263, 2.47148350970625e-02,#ffffff
-12.2012104848935, 2.33077868622539e-02,#ffffff
-12.2010683183838, 2.18998166328681e-02,#ffffff
-12.2009350100208, 2.04909801044942e-02,#ffffff
-12.2008105650779, 1.90813330069896e-02,#ffffff
-12.2006949884778, 1.76709311022757e-02,#ffffff
-12.2005882847923, 1.62598301821322e-02,#ffffff
-12.2004904582425, 1.48480860659897e-02,#ffffff
-12.2004015126980, 1.34357545987223e-02,#ffffff
-12.2003214516773, 1.20228916484380e-02,#ffffff
-12.2002502783474, 1.06095531042689e-02,#ffffff
-12.2001879955237, 9.19579487416013e-03,#ffffff
-12.2001346056701, 7.78167288265893e-03,#ffffff
-12.2000901108984, 6.36724306870161e-03,#ffffff
-12.2000545129687, 4.95256138340125e-03,#ffffff
-12.2000278132892, 3.53768378783428e-03,#ffffff
-12.2000100129162, 2.12266625082684e-03,#ffffff
-12.2000011125536, 7.07564746740755e-04,#ffffff
-12.2000011125536,-7.07564746740600e-04,#ffffff
-12.2000100129162,-2.12266625082668e-03,#ffffff
-12.2000278132892,-3.53768378783413e-03,#ffffff
-12.2000545129687,-4.95256138340110e-03,#ffffff
-12.2000901108984,-6.36724306870146e-03,#ffffff
-12.2001346056701,-7.78167288265877e-03,#ffffff
-12.2001879955237,-9.19579487416008e-03,#ffffff
-12.2002502783474,-1.06095531042687e-02,#ffffff
-12.2003214516773,-1.20228916484379e-02,#ffffff
-12.2004015126980,-1.34357545987222e-02,#ffffff
-12.2004904582425,-1.48480860659896e-02,#ffffff
-12.2005882847923,-1.62598301821320e-02,#ffffff
-12.2006949884778,-1.76709311022756e-02,#ffffff
-12.2008105650779,-1.90813330069895e-02,#ffffff
-12.2009350100208,-2.04909801044941e-02,#ffffff
-12.2010683183838,-2.18998166328680e-02,#ffffff
-12.2012104848935,-2.33077868622537e-02,#ffffff
-12.2013615039263,-2.47148350970624e-02,#ffffff
-12.2015213695081,-2.61209056781767e-02,#ffffff
-12.2016900753151,-2.75259429851528e-02,#ffffff
-12.2018676146738,-2.89298914384204e-02,#ffffff
-12.2020539805612,-3.03326955014814e-02,#ffffff
-12.2022491656051,-3.17342996831068e-02,#ffffff
-12.2024531620846,-3.31346485395317e-02,#ffffff
-12.2026659619300,-3.45336866766486e-02,#ffffff
-12.2028875567236,-3.59313587521985e-02,#ffffff
-12.2031179376996,-3.73276094779604e-02,#ffffff
-12.2033570957449,-3.87223836219379e-02,#ffffff
-12.2036050213989,-4.01156260105445e-02,#ffffff
-12.2038617048544,-4.15072815307857e-02,#ffffff
-12.2041271359575,-4.28972951324394e-02,#ffffff
-12.2044013042087,-4.42856118302336e-02,#ffffff
-12.2046841987625,-4.56721767060213e-02,#ffffff
-12.2049758084283,-4.70569349109526e-02,#ffffff
-12.2052761216708,-4.84398316676453e-02,#ffffff
-12.2055851266105,-4.98208122723508e-02,#ffffff
-12.2059028110239,-5.11998220971185e-02,#ffffff
-12.2062291623443,-5.25768065919567e-02,#ffffff
-12.2065641676620,-5.39517112869905e-02,#ffffff
-12.2069078137251,-5.53244817946162e-02,#ffffff
-12.2072600869400,-5.66950638116531e-02,#ffffff
-12.2076209733715,-5.80634031214912e-02,#ffffff
-12.2079904587440,-5.94294455962363e-02,#ffffff
-12.2083685284417,-6.07931371988509e-02,#ffffff
-12.2087551675090,-6.21544239852916e-02,#ffffff
-12.2091503606516,-6.35132521066436e-02,#ffffff
-12.2095540922366,-6.48695678112499e-02,#ffffff
-12.2099663462936,-6.62233174468384e-02,#ffffff
-12.2103871065147,-6.75744474626438e-02,#ffffff
-12.2108163562559,-6.89229044115262e-02,#ffffff
-12.2112540785372,-7.02686349520851e-02,#ffffff
-12.2117002560434,-7.16115858507693e-02,#ffffff
-12.2121548711250,-7.29517039839834e-02,#ffffff
-12.2126179057984,-7.42889363401882e-02,#ffffff
-12.2130893417474,-7.56232300219985e-02,#ffffff
-12.2135691603232,-7.69545322482754e-02,#ffffff
-12.2140573425453,-7.82827903562138e-02,#ffffff
-12.2145538691027,-7.96079518034262e-02,#ffffff
-12.2150587203539,-8.09299641700205e-02,#ffffff
-12.2155718763285,-8.22487751606742e-02,#ffffff
-12.2160933167273,-8.35643326067028e-02,#ffffff
-12.2166230209236,-8.48765844681232e-02,#ffffff
-12.2171609679635,-8.61854788357127e-02,#ffffff
-12.2177071365675,-8.74909639330621e-02,#ffffff
-12.2182615051304,-8.87929881186241e-02,#ffffff
-12.2188240517229,-9.00914998877558e-02,#ffffff
-12.2193947540921,-9.13864478747562e-02,#ffffff
-12.2199735896627,-9.26777808548983e-02,#ffffff
-12.2205605355373,-9.39654477464549e-02,#ffffff
-12.2211555684979,-9.52493976127201e-02,#ffffff
-12.2217586650066,-9.65295796640234e-02,#ffffff
-12.2223698012066,-9.78059432597390e-02,#ffffff
-12.2229889529227,-9.90784379102893e-02,#ffffff
-12.2236160956631,-1.00347013279142e-01,#ffffff
-12.2242512046197,-1.01611619184801e-01,#ffffff
-12.2248942546691,-1.02872205602793e-01,#ffffff
-12.2255452203741,-1.04128722667642e-01,#ffffff
-12.2262040759842,-1.05381120674849e-01,#ffffff
-12.2268707954366,-1.06629350082850e-01,#ffffff
-12.2275453523579,-1.07873361514982e-01,#ffffff
-12.2282277200643,-1.09113105761435e-01,#ffffff
-12.2289178715631,-1.10348533781195e-01,#ffffff
-12.2296157795538,-1.11579596703988e-01,#ffffff
-12.2303214164289,-1.12806245832211e-01,#ffffff
-12.2310347542754,-1.14028432642861e-01,#ffffff
-12.2317557648754,-1.15246108789451e-01,#ffffff
-12.2324844197077,-1.16459226103923e-01,#ffffff
-12.2332206899486,-1.17667736598556e-01,#ffffff
-12.2339645464733,-1.18871592467861e-01,#ffffff
-12.2347159598567,-1.20070746090477e-01,#ffffff
-12.2354749003748,-1.21265150031049e-01,#ffffff
-12.2362413380060,-1.22454757042105e-01,#ffffff
-12.2370152424321,-1.23639520065931e-01,#ffffff
-12.2377965830394,-1.24819392236426e-01,#ffffff
-12.2385853289201,-1.25994326880959e-01,#ffffff
-12.2393814488736,-1.27164277522213e-01,#ffffff
-12.2401849114075,-1.28329197880028e-01,#ffffff
-12.2409956847388,-1.29489041873225e-01,#ffffff
-12.2418137367955,-1.30643763621436e-01,#ffffff
-12.2426390352177,-1.31793317446914e-01,#ffffff
-12.2434715473587,-1.32937657876341e-01,#ffffff
-12.2443112402865,-1.34076739642627e-01,#ffffff
-12.2451580807851,-1.35210517686703e-01,#ffffff
-12.2460120353557,-1.36338947159298e-01,#ffffff
-12.2468730702182,-1.37461983422720e-01,#ffffff
-12.2477411513122,-1.38579582052615e-01,#ffffff
-12.2486162442988,-1.39691698839730e-01,#ffffff
-12.2494983145615,-1.40798289791656e-01,#ffffff
-12.2503873272081,-1.41899311134575e-01,#ffffff
-12.2512832470715,-1.42994719314986e-01,#ffffff
-12.2521860387115,-1.44084471001431e-01,#ffffff
-12.2530956664160,-1.45168523086206e-01,#ffffff
-12.2540120942025,-1.46246832687070e-01,#ffffff
-12.2549352858197,-1.47319357148940e-01,#ffffff
-12.2558652047485,-1.48386054045577e-01,#ffffff
-12.2568018142036,-1.49446881181263e-01,#ffffff
-12.2577450771354,-1.50501796592476e-01,#ffffff
-12.2586949562309,-1.51550758549545e-01,#ffffff
-12.2596514139152,-1.52593725558300e-01,#ffffff
-12.2606144123536,-1.53630656361717e-01,#ffffff
-12.2615839134522,-1.54661509941550e-01,#ffffff
-12.2625598788602,-1.55686245519948e-01,#ffffff
-12.2635422699710,-1.56704822561075e-01,#ffffff
-12.2645310479238,-1.57717200772709e-01,#ffffff
-12.2655261736052,-1.58723340107839e-01,#ffffff
-12.2665276076505,-1.59723200766246e-01,#ffffff
-12.2675353104457,-1.60716743196080e-01,#ffffff
-12.2685492421287,-1.61703928095421e-01,#ffffff
-12.2695693625911,-1.62684716413840e-01,#ffffff
-12.2705956314795,-1.63659069353936e-01,#ffffff
-12.2716280081976,-1.64626948372878e-01,#ffffff
-12.2726664519072,-1.65588315183923e-01,#ffffff
-12.2737109215301,-1.66543131757937e-01,#ffffff
-12.2747613757501,-1.67491360324894e-01,#ffffff
-12.2758177730137,-1.68432963375373e-01,#ffffff
-12.2768800715328,-1.69367903662040e-01,#ffffff
-12.2779482292856,-1.70296144201123e-01,#ffffff
-12.2790222040187,-1.71217648273875e-01,#ffffff
-12.2801019532483,-1.72132379428025e-01,#ffffff
-12.2811874342626,-1.73040301479221e-01,#ffffff
-12.2822786041226,-1.73941378512461e-01,#ffffff
-12.2833754196647,-1.74835574883515e-01,#ffffff
-12.2844778375016,-1.75722855220331e-01,#ffffff
-12.2855858140247,-1.76603184424441e-01,#ffffff
-12.2866993054053,-1.77476527672342e-01,#ffffff
-12.2878182675967,-1.78342850416879e-01,#ffffff
-12.2889426563355,-1.79202118388609e-01,#ffffff
-12.2900724271441,-1.80054297597157e-01,#ffffff
-12.2912075353315,-1.80899354332562e-01,#ffffff
-12.2923479359961,-1.81737255166606e-01,#ffffff
-12.2934935840264,-1.82567966954145e-01,#ffffff
-12.2946444341037,-1.83391456834409e-01,#ffffff
-12.2958004407034,-1.84207692232311e-01,#ffffff
-12.2969615580969,-1.85016640859732e-01,#ffffff
-12.2981277403535,-1.85818270716797e-01,#ffffff
-12.2992989413420,-1.86612550093144e-01,#ffffff
-12.3004751147330,-1.87399447569174e-01,#ffffff
-12.3016562139999,-1.88178932017300e-01,#ffffff
-12.3028421924218,-1.88950972603171e-01,#ffffff
-12.3040330030843,-1.89715538786900e-01,#ffffff
-12.3052285988822,-1.90472600324264e-01,#ffffff
-12.3064289325209,-1.91222127267904e-01,#ffffff
-12.3076339565182,-1.91964089968513e-01,#ffffff
-12.3088436232068,-1.92698459076003e-01,#ffffff
-12.3100578847352,-1.93425205540668e-01,#ffffff
-12.3112766930705,-1.94144300614334e-01,#ffffff
-12.3125000000000,-1.94855715851499e-01,#ffffff
-12.3137277571328,-1.95559423110450e-01,#ffffff
-12.3149599159020,-1.96255394554384e-01,#ffffff
-12.3161964275667,-1.96943602652508e-01,#ffffff
-12.3174372432138,-1.97624020181123e-01,#ffffff
-12.3186823137599,-1.98296620224707e-01,#ffffff
-12.3199315899532,-1.98961376176975e-01,#ffffff
-12.3211850223757,-1.99618261741936e-01,#ffffff
-12.3224425614450,-2.00267250934929e-01,#ffffff
-12.3237041574160,-2.00908318083653e-01,#ffffff
-12.3249697603834,-2.01541437829182e-01,#ffffff
-12.3262393202833,-2.02166585126970e-01,#ffffff
-12.3275127868952,-2.02783735247837e-01,#ffffff
-12.3287901098442,-2.03392863778954e-01,#ffffff
-12.3300712386026,-2.03993946624800e-01,#ffffff
-12.3313561224925,-2.04586960008125e-01,#ffffff
-12.3326447106872,-2.05171880470883e-01,#ffffff
-12.3339369522136,-2.05748684875162e-01,#ffffff
-12.3352327959540,-2.06317350404103e-01,#ffffff
-12.3365321906483,-2.06877854562796e-01,#ffffff
-12.3378350848957,-2.07430175179176e-01,#ffffff
-12.3391414271573,-2.07974290404894e-01,#ffffff
-12.3404511657576,-2.08510178716189e-01,#ffffff
-12.3417642488868,-2.09037818914732e-01,#ffffff
-12.3430806246028,-2.09557190128467e-01,#ffffff
-12.3444002408333,-2.10068271812440e-01,#ffffff
-12.3457230453776,-2.10571043749608e-01,#ffffff
-12.3470489859092,-2.11065486051637e-01,#ffffff
-12.3483780099773,-2.11551579159696e-01,#ffffff
-12.3497100650093,-2.12029303845222e-01,#ffffff
-12.3510450983125,-2.12498641210686e-01,#ffffff
-12.3523830570766,-2.12959572690342e-01,#ffffff
-12.3537238883754,-2.13412080050954e-01,#ffffff
-12.3550675391692,-2.13856145392525e-01,#ffffff
-12.3564139563067,-2.14291751149002e-01,#ffffff
-12.3577630865273,-2.14718880088968e-01,#ffffff
-12.3591148764628,-2.15137515316331e-01,#ffffff
-12.3604692726400,-2.15547640270985e-01,#ffffff
-12.3618262214826,-2.15949238729468e-01,#ffffff
-12.3631856693133,-2.16342294805603e-01,#ffffff
-12.3645475623559,-2.16726792951130e-01,#ffffff
-12.3659118467374,-2.17102717956316e-01,#ffffff
-12.3672784684905,-2.17470054950559e-01,#ffffff
-12.3686473735551,-2.17828789402977e-01,#ffffff
-12.3700185077811,-2.18178907122980e-01,#ffffff
-12.3713918169298,-2.18520394260835e-01,#ffffff
-12.3727672466769,-2.18853237308211e-01,#ffffff
-12.3741447426139,-2.19177423098716e-01,#ffffff
-12.3755242502508,-2.19492938808414e-01,#ffffff
-12.3769057150179,-2.19799771956336e-01,#ffffff
-12.3782890822680,-2.20097910404972e-01,#ffffff
-12.3796742972789,-2.20387342360751e-01,#ffffff
-12.3810613052550,-2.20668056374509e-01,#ffffff
-12.3824500513300,-2.20940041341939e-01,#ffffff
-12.3838404805687,-2.21203286504033e-01,#ffffff
-12.3852325379695,-2.21457781447508e-01,#ffffff
-12.3866261684662,-2.21703516105214e-01,#ffffff
-12.3880213169305,-2.21940480756536e-01,#ffffff
-12.3894179281739,-2.22168666027777e-01,#ffffff
-12.3908159469503,-2.22388062892531e-01,#ffffff
-12.3922153179576,-2.22598662672036e-01,#ffffff
-12.3936159858405,-2.22800457035520e-01,#ffffff
-12.3950178951922,-2.22993438000529e-01,#ffffff
-12.3964209905570,-2.23177597933247e-01,#ffffff
-12.3978252164319,-2.23352929548792e-01,#ffffff
-12.3992305172696,-2.23519425911507e-01,#ffffff
-12.4006368374801,-2.23677080435236e-01,#ffffff
-12.4020441214331,-2.23825886883582e-01,#ffffff
-12.4034523134601,-2.23965839370153e-01,#ffffff
-12.4048613578567,-2.24096932358798e-01,#ffffff
-12.4062711988849,-2.24219160663826e-01,#ffffff
-12.4076817807751,-2.24332519450205e-01,#ffffff
-12.4090930477283,-2.24437004233762e-01,#ffffff
-12.4105049439186,-2.24532610881355e-01,#ffffff
-12.4119174134951,-2.24619335611035e-01,#ffffff
-12.4133304005843,-2.24697174992203e-01,#ffffff
-12.4147438492920,-2.24766125945736e-01,#ffffff
-12.4161577037060,-2.24826185744118e-01,#ffffff
-12.4175719078979,-2.24877352011541e-01,#ffffff
-12.4189864059255,-2.24919622724002e-01,#ffffff
-12.4204011418351,-2.24952996209383e-01,#ffffff
-12.4218160596633,-2.24977471147519e-01,#ffffff
-12.4232311034399,-2.24993046570243e-01,#ffffff
-12.4246462171893,-2.24999721861434e-01,#ffffff
-12.4260613449334,-2.24997496757036e-01,#ffffff
-12.4274764306936,-2.24986371345066e-01,#ffffff
-12.4288914184926,-2.24966346065618e-01,#ffffff
-12.4303062523574,-2.24937421710837e-01,#ffffff
-12.4317208763209,-2.24899599424897e-01,#ffffff
-12.4331352344242,-2.24852880703946e-01,#ffffff
-12.4345492707191,-2.24797267396053e-01,#ffffff
-12.4359629292701,-2.24732761701136e-01,#ffffff
-12.4373761541564,-2.24659366170868e-01,#ffffff
-12.4387888894748,-2.24577083708583e-01,#ffffff
-12.4402010793410,-2.24485917569159e-01,#ffffff
-12.4416126678927,-2.24385871358887e-01,#ffffff
-12.4430235992910,-2.24276949035333e-01,#ffffff
-12.4444338177233,-2.24159154907175e-01,#ffffff
-12.4458432674050,-2.24032493634039e-01,#ffffff
-12.4472518925820,-2.23896970226310e-01,#ffffff
-12.4486596375328,-2.23752590044937e-01,#ffffff
-12.4500664465707,-2.23599358801220e-01,#ffffff
-12.4514722640462,-2.23437282556583e-01,#ffffff
-12.4528770343487,-2.23266367722333e-01,#ffffff
-12.4542807019092,-2.23086621059412e-01,#ffffff
-12.4556832112024,-2.22898049678122e-01,#ffffff
-12.4570845067486,-2.22700661037851e-01,#ffffff
-12.4584845331165,-2.22494462946773e-01,#ffffff
-12.4598832349244,-2.22279463561540e-01,#ffffff
-12.4612805568437,-2.22055671386961e-01,#ffffff
-12.4626764435997,-2.21823095275664e-01,#ffffff
-12.4640708399751,-2.21581744427747e-01,#ffffff
-12.4654636908110,-2.21331628390412e-01,#ffffff
-12.4668549410101,-2.21072757057591e-01,#ffffff
-12.4682445355380,-2.20805140669551e-01,#ffffff
-12.4696324194262,-2.20528789812490e-01,#ffffff
-12.4710185377736,-2.20243715418119e-01,#ffffff
-12.4724028357490,-2.19949928763229e-01,#ffffff
-12.4737852585933,-2.19647441469247e-01,#ffffff
-12.4751657516214,-2.19336265501770e-01,#ffffff
-12.4765442602246,-2.19016413170101e-01,#ffffff
-12.4779207298729,-2.18687897126753e-01,#ffffff
-12.4792951061166,-2.18350730366954e-01,#ffffff
-12.4806673345892,-2.18004926228134e-01,#ffffff
-12.4820373610088,-2.17650498389390e-01,#ffffff
-12.4834051311809,-2.17287460870955e-01,#ffffff
-12.4847705909999,-2.16915828033634e-01,#ffffff
-12.4861336864521,-2.16535614578243e-01,#ffffff
-12.4874943636168,-2.16146835545022e-01,#ffffff
-12.4888525686694,-2.15749506313046e-01,#ffffff
-12.4902082478827,-2.15343642599611e-01,#ffffff
-12.4915613476297,-2.14929260459615e-01,#ffffff
-12.4929118143854,-2.14506376284922e-01,#ffffff
-12.4942595947287,-2.14075006803715e-01,#ffffff
-12.4956046353452,-2.13635169079833e-01,#ffffff
-12.4969468830285,-2.13186880512097e-01,#ffffff
-12.4982862846829,-2.12730158833619e-01,#ffffff
-12.4996227873251,-2.12265022111106e-01,#ffffff
-12.5009563380867,-2.11791488744138e-01,#ffffff
-12.5022868842159,-2.11309577464448e-01,#ffffff
-12.5036143730797,-2.10819307335174e-01,#ffffff
-12.5049387521663,-2.10320697750109e-01,#ffffff
-12.5062599690867,-2.09813768432934e-01,#ffffff
-12.5075779715770,-2.09298539436436e-01,#ffffff
-12.5088927075006,-2.08775031141715e-01,#ffffff
-12.5102041248499,-2.08243264257378e-01,#ffffff
-12.5115121717487,-2.07703259818720e-01,#ffffff
-12.5128167964542,-2.07155039186894e-01,#ffffff
-12.5141179473588,-2.06598624048062e-01,#ffffff
-12.5154155729925,-2.06034036412538e-01,#ffffff
-12.5167096220245,-2.05461298613921e-01,#ffffff
-12.5180000432658,-2.04880433308208e-01,#ffffff
-12.5192867856706,-2.04291463472898e-01,#ffffff
-12.5205697983389,-2.03694412406084e-01,#ffffff
-12.5218490305180,-2.03089303725533e-01,#ffffff
-12.5231244316049,-2.02476161367747e-01,#ffffff
-12.5243959511480,-2.01855009587021e-01,#ffffff
-12.5256635388495,-2.01225872954481e-01,#ffffff
-12.5269271445669,-2.00588776357114e-01,#ffffff
-12.5281867183152,-1.99943744996780e-01,#ffffff
-12.5294422102691,-1.99290804389219e-01,#ffffff
-12.5306935707646,-1.98629980363039e-01,#ffffff
-12.5319407503012,-1.97961299058697e-01,#ffffff
-12.5331836995438,-1.97284786927460e-01,#ffffff
-12.5344223693246,-1.96600470730364e-01,#ffffff
-12.5356567106450,-1.95908377537154e-01,#ffffff
-12.5368866746777,-1.95208534725210e-01,#ffffff
-12.5381122127687,-1.94500969978470e-01,#ffffff
-12.5393332764389,-1.93785711286327e-01,#ffffff
-12.5405498173862,-1.93062786942530e-01,#ffffff
-12.5417617874875,-1.92332225544058e-01,#ffffff
-12.5429691388004,-1.91594055989995e-01,#ffffff
-12.5441718235653,-1.90848307480381e-01,#ffffff
-12.5453697942071,-1.90095009515059e-01,#ffffff
-12.5465630033374,-1.89334191892511e-01,#ffffff
-12.5477514037559,-1.88565884708676e-01,#ffffff
-12.5489349484525,-1.87790118355759e-01,#ffffff
-12.5501135906095,-1.87006923521031e-01,#ffffff
-12.5512872836028,-1.86216331185615e-01,#ffffff
-12.5524559810042,-1.85418372623257e-01,#ffffff
-12.5536196365832,-1.84613079399095e-01,#ffffff
-12.5547782043085,-1.83800483368404e-01,#ffffff
-12.5559316383504,-1.82980616675340e-01,#ffffff
-12.5570798930819,-1.82153511751667e-01,#ffffff
-12.5582229230813,-1.81319201315476e-01,#ffffff
-12.5593606831331,-1.80477718369885e-01,#ffffff
-12.5604931282307,-1.79629096201741e-01,#ffffff
-12.5616202135775,-1.78773368380300e-01,#ffffff
-12.5627418945890,-1.77910568755896e-01,#ffffff
-12.5638581268943,-1.77040731458608e-01,#ffffff
-12.5649688663384,-1.76163890896904e-01,#ffffff
-12.5660740689833,-1.75280081756286e-01,#ffffff
-12.5671736911101,-1.74389338997910e-01,#ffffff
-12.5682676892206,-1.73491697857213e-01,#ffffff
-12.5693560200392,-1.72587193842510e-01,#ffffff
-12.5704386405144,-1.71675862733594e-01,#ffffff
-12.5715155078205,-1.70757740580320e-01,#ffffff
-12.5725865793596,-1.69832863701180e-01,#ffffff
-12.5736518127628,-1.68901268681863e-01,#ffffff
-12.5747111658923,-1.67962992373812e-01,#ffffff
-12.5757645968430,-1.67018071892762e-01,#ffffff
-12.5768120639438,-1.66066544617276e-01,#ffffff
-12.5778535257598,-1.65108448187264e-01,#ffffff
-12.5788889410934,-1.64143820502493e-01,#ffffff
-12.5799182689864,-1.63172699721089e-01,#ffffff
-12.5809414687212,-1.62195124258032e-01,#ffffff
-12.5819584998228,-1.61211132783626e-01,#ffffff
-12.5829693220601,-1.60220764221981e-01,#ffffff
-12.5839738954476,-1.59224057749464e-01,#ffffff
-12.5849721802471,-1.58221052793154e-01,#ffffff
-12.5859641369691,-1.57211789029283e-01,#ffffff
-12.5869497263743,-1.56196306381663e-01,#ffffff
-12.5879289094755,-1.55174645020109e-01,#ffffff
-12.5889016475387,-1.54146845358851e-01,#ffffff
-12.5898679020851,-1.53112948054932e-01,#ffffff
-12.5908276348920,-1.52072994006603e-01,#ffffff
-12.5917808079950,-1.51027024351703e-01,#ffffff
-12.5927273836891,-1.49975080466034e-01,#ffffff
-12.5936673245303,-1.48917203961720e-01,#ffffff
-12.5946005933370,-1.47853436685568e-01,#ffffff
-12.5955271531915,-1.46783820717403e-01,#ffffff
-12.5964469674416,-1.45708398368414e-01,#ffffff
-12.5973599997018,-1.44627212179471e-01,#ffffff
-12.5982662138550,-1.43540304919450e-01,#ffffff
-12.5991655740537,-1.42447719583535e-01,#ffffff
-12.6000580447216,-1.41349499391520e-01,#ffffff
-12.6009435905551,-1.40245687786099e-01,#ffffff
-12.6018221765240,-1.39136328431149e-01,#ffffff
-12.6026937678741,-1.38021465209999e-01,#ffffff
-12.6035583301273,-1.36901142223699e-01,#ffffff
-12.6044158290839,-1.35775403789271e-01,#ffffff
-12.6052662308235,-1.34644294437959e-01,#ffffff
-12.6061095017064,-1.33507858913465e-01,#ffffff
-12.6069456083751,-1.32366142170181e-01,#ffffff
-12.6077745177554,-1.31219189371412e-01,#ffffff
-12.6085961970578,-1.30067045887583e-01,#ffffff
-12.6094106137788,-1.28909757294455e-01,#ffffff
-12.6102177357024,-1.27747369371309e-01,#ffffff
-12.6110175309008,-1.26579928099149e-01,#ffffff
-12.6118099677362,-1.25407479658870e-01,#ffffff
-12.6125950148621,-1.24230070429441e-01,#ffffff
-12.6133726412239,-1.23047746986066e-01,#ffffff
-12.6141428160608,-1.21860556098343e-01,#ffffff
-12.6149055089067,-1.20668544728411e-01,#ffffff
-12.6156606895916,-1.19471760029097e-01,#ffffff
-12.6164083282425,-1.18270249342047e-01,#ffffff
-12.6171483952846,-1.17064060195855e-01,#ffffff
-12.6178808614431,-1.15853240304183e-01,#ffffff
-12.6186056977433,-1.14637837563872e-01,#ffffff
-12.6193228755128,-1.13417900053048e-01,#ffffff
-12.6200323663818,-1.12193476029223e-01,#ffffff
-12.6207341422848,-1.10964613927382e-01,#ffffff
-12.6214281754613,-1.09731362358068e-01,#ffffff
-12.6221144384572,-1.08493770105461e-01,#ffffff
-12.6227929041258,-1.07251886125446e-01,#ffffff
-12.6234635456288,-1.06005759543679e-01,#ffffff
-12.6241263364374,-1.04755439653640e-01,#ffffff
-12.6247812503332,-1.03500975914688e-01,#ffffff
-12.6254282614097,-1.02242417950098e-01,#ffffff
-12.6260673440728,-1.00979815545104e-01,#ffffff
-12.6266984730420,-9.97132186449285e-02,#ffffff
-12.6273216233516,-9.84426773528035e-02,#ffffff
-12.6279367703513,-9.71682419279921e-02,#ffffff
-12.6285438897077,-9.58899627837980e-02,#ffffff
-12.6291429574045,-9.46078904855734e-02,#ffffff
-12.6297339497444,-9.33220757487167e-02,#ffffff
-12.6303168433492,-9.20325694366680e-02,#ffffff
-12.6308916151612,-9.07394225588959e-02,#ffffff
-12.6314582424439,-8.94426862688806e-02,#ffffff
-12.6320167027830,-8.81424118620895e-02,#ffffff
-12.6325669740873,-8.68386507739490e-02,#ffffff
-12.6331090345896,-8.55314545778094e-02,#ffffff
-12.6336428628473,-8.42208749829043e-02,#ffffff
-12.6341684377436,-8.29069638323064e-02,#ffffff
-12.6346857384882,-8.15897731008751e-02,#ffffff
-12.6351947446180,-8.02693548932023e-02,#ffffff
-12.6356954359981,-7.89457614415495e-02,#ffffff
-12.6361877928224,-7.76190451037831e-02,#ffffff
-12.6366717956145,-7.62892583613020e-02,#ffffff
-12.6371474252287,-7.49564538169632e-02,#ffffff
-12.6376146628503,-7.36206841929987e-02,#ffffff
-12.6380734899966,-7.22820023289326e-02,#ffffff
-12.6385238885175,-7.09404611794882e-02,#ffffff
-12.6389658405966,-6.95961138124956e-02,#ffffff
-12.6393993287513,-6.82490134067912e-02,#ffffff
-12.6398243358340,-6.68992132501138e-02,#ffffff
-12.6402408450325,-6.55467667369983e-02,#ffffff
-12.6406488398709,-6.41917273666613e-02,#ffffff
-12.6410483042100,-6.28341487408870e-02,#ffffff
-12.6414392222479,-6.14740845619049e-02,#ffffff
-12.6418215785210,-6.01115886302675e-02,#ffffff
-12.6421953579043,-5.87467148427200e-02,#ffffff
-12.6425605456121,-5.73795171900701e-02,#ffffff
-12.6429171271985,-5.60100497550508e-02,#ffffff
-12.6432650885580,-5.46383667101821e-02,#ffffff
-12.6436044159263,-5.32645223156281e-02,#ffffff
-12.6439350958805,-5.18885709170491e-02,#ffffff
-12.6442571153396,-5.05105669434540e-02,#ffffff
-12.6445704615656,-4.91305649050453e-02,#ffffff
-12.6448751221631,-4.77486193910645e-02,#ffffff
-12.6451710850807,-4.63647850676309e-02,#ffffff
-12.6454583386109,-4.49791166755812e-02,#ffffff
-12.6457368713906,-4.35916690283021e-02,#ffffff
-12.6460066724019,-4.22024970095636e-02,#ffffff
-12.6462677309721,-4.08116555713466e-02,#ffffff
-12.6465200367744,-3.94191997316708e-02,#ffffff
-12.6467635798282,-3.80251845724162e-02,#ffffff
-12.6469983504998,-3.66296652371463e-02,#ffffff
-12.6472243395020,-3.52326969289256e-02,#ffffff
-12.6474415378955,-3.38343349081358e-02,#ffffff
-12.6476499370884,-3.24346344902908e-02,#ffffff
-12.6478495288370,-3.10336510438471e-02,#ffffff
-12.6480403052460,-2.96314399880155e-02,#ffffff
-12.6482222587688,-2.82280567905667e-02,#ffffff
-12.6483953822077,-2.68235569656392e-02,#ffffff
-12.6485596687144,-2.54179960715415e-02,#ffffff
-12.6487151117903,-2.40114297085560e-02,#ffffff
-12.6488617052864,-2.26039135167379e-02,#ffffff
-12.6489994434038,-2.11955031737161e-02,#ffffff
-12.6491283206940,-1.97862543924889e-02,#ffffff
-12.6492483320590,-1.83762229192215e-02,#ffffff
-12.6493594727513,-1.69654645310405e-02,#ffffff
-12.6494617383746,-1.55540350338266e-02,#ffffff
-12.6495551248836,-1.41419902600086e-02,#ffffff
-12.6496396285840,-1.27293860663534e-02,#ffffff
-12.6497152461332,-1.13162783317576e-02,#ffffff
-12.6497819745399,-9.90272295503597e-03,#ffffff
-12.6498398111646,-8.48877585271157e-03,#ffffff
-12.6498887537193,-7.07449295680225e-03,#ffffff
-12.6499288002680,-5.65993021260979e-03,#ffffff
-12.6499599492266,-4.24514357650523e-03,#ffffff
-12.6499821993629,-2.83018901371698e-03,#ffffff
-12.6499955497967,-1.41512249611539e-03,#ffffff
-12.6500000000000,-5.51091059616309e-17,#ffffff
