level,league,entity_id,entity_name,program,mark_type,variant,valid_from,valid_to,source,url,sha256,ext,bytes,width,height,archive_url,first_seen,last_seen
team,nfl,13,Las Vegas Raiders,pro,logo,dark,,,espn,https://a.espncdn.com/i/teamlogos/nfl/500-dark/lv.png,bf304e45470927517802cbfc53d38b167491f00ea0d007b38f3bd506fc53c7d2,png,491105,4096,4096,https://sdv.nyc3.cdn.digitaloceanspaces.com/assets/public/sha256/bf/bf304e45470927517802cbfc53d38b167491f00ea0d007b38f3bd506fc53c7d2.png,2026-09-26,2026-10-01
team,nfl,13,Las Vegas Raiders,pro,logo,default,,,espn,https://a.espncdn.com/i/teamlogos/nfl/500/lv.png,25fbb03e972ae872fa024026b73c7b63ef9f23c2f2c51f87d1614d800dcee6e7,png,77766,500,500,https://sdv.nyc3.cdn.digitaloceanspaces.com/assets/public/sha256/25/25fbb03e972ae872fa024026b73c7b63ef9f23c2f2c51f87d1614d800dcee6e7.png,2026-09-26,2026-10-01
team,nfl,13,Las Vegas Raiders,pro,logo,grayscale,,,espn,https://a.espncdn.com/guid/b18540eb-6f2b-534c-e7f9-9bd930518da9/logos/grayscale.png,52323d1175288a43039ab3690dce147aafec0f9524777526db0b1c31b3790969,png,20653,501,501,https://sdv.nyc3.cdn.digitaloceanspaces.com/assets/public/sha256/52/52323d1175288a43039ab3690dce147aafec0f9524777526db0b1c31b3790969.png,2026-09-26,2026-10-01
team,nfl,13,Las Vegas Raiders,pro,logo,primary_logo_black,,,espn,https://a.espncdn.com/guid/b18540eb-6f2b-534c-e7f9-9bd930518da9/logos/primary_logo_black.png,32a632d3f68b11bc4f4415e91a94dc5374ab83a80bc1f80a24ef58c1cfdf6517,png,209359,4096,4096,https://sdv.nyc3.cdn.digitaloceanspaces.com/assets/public/sha256/32/32a632d3f68b11bc4f4415e91a94dc5374ab83a80bc1f80a24ef58c1cfdf6517.png,2026-09-26,2026-10-01
team,nfl,13,Las Vegas Raiders,pro,logo,primary_logo_on_black_color,,,espn,https://a.espncdn.com/guid/b18540eb-6f2b-534c-e7f9-9bd930518da9/logos/primary_logo_on_black_color.png,b7e5bf009aae2c881854274fdd802b1d6b7f378cf75bc1ff8aa414d57e39af98,png,225615,4096,4096,https://sdv.nyc3.cdn.digitaloceanspaces.com/assets/public/sha256/b7/b7e5bf009aae2c881854274fdd802b1d6b7f378cf75bc1ff8aa414d57e39af98.png,2026-09-26,2026-10-01
team,nfl,13,Las Vegas Raiders,pro,logo,primary_logo_on_primary_color,,,espn,https://a.espncdn.com/guid/b18540eb-6f2b-534c-e7f9-9bd930518da9/logos/primary_logo_on_primary_color.png,fede36f927f27b0c8f54a8c48c18883f5bdee518fe205e50ffb43017ceb58b37,png,225612,4096,4096,https://sdv.nyc3.cdn.digitaloceanspaces.com/assets/public/sha256/fe/fede36f927f27b0c8f54a8c48c18883f5bdee518fe205e50ffb43017ceb58b37.png,2026-09-26,2026-10-01
team,nfl,13,Las Vegas Raiders,pro,logo,primary_logo_on_secondary_color,,,espn,https://a.espncdn.com/guid/b18540eb-6f2b-534c-e7f9-9bd930518da9/logos/primary_logo_on_secondary_color.png,fede36f927f27b0c8f54a8c48c18883f5bdee518fe205e50ffb43017ceb58b37,png,225612,4096,4096,https://sdv.nyc3.cdn.digitaloceanspaces.com/assets/public/sha256/fe/fede36f927f27b0c8f54a8c48c18883f5bdee518fe205e50ffb43017ceb58b37.png,2026-09-26,2026-10-01
team,nfl,13,Las Vegas Raiders,pro,logo,primary_logo_on_white_color,,,espn,https://a.espncdn.com/guid/b18540eb-6f2b-534c-e7f9-9bd930518da9/logos/primary_logo_on_white_color.png,03b8871f5d130de07d28772d7fea9f1f350917f692ddf572928d9e2b521b0e1d,png,243512,4096,4096,https://sdv.nyc3.cdn.digitaloceanspaces.com/assets/public/sha256/03/03b8871f5d130de07d28772d7fea9f1f350917f692ddf572928d9e2b521b0e1d.png,2026-09-26,2026-10-01
team,nfl,13,Las Vegas Raiders,pro,logo,primary_logo_white,,,espn,https://a.espncdn.com/guid/b18540eb-6f2b-534c-e7f9-9bd930518da9/logos/primary_logo_white.png,0aba4f9d3bc01eb9ffbe7c52fcb2b2603b37832cab227c71cc1205a0e2b6f3fd,png,213265,4096,4096,https://sdv.nyc3.cdn.digitaloceanspaces.com/assets/public/sha256/0a/0aba4f9d3bc01eb9ffbe7c52fcb2b2603b37832cab227c71cc1205a0e2b6f3fd.png,2026-09-26,2026-10-01
team,nfl,13,Las Vegas Raiders,pro,logo,scoreboard,,,espn,https://a.espncdn.com/i/teamlogos/nfl/500/scoreboard/lv.png,b4ab760cce96d3e5dd81215c21fa5a4684a2cde738bd9c2d2cc9929492b73827,png,572453,4096,4096,https://sdv.nyc3.cdn.digitaloceanspaces.com/assets/public/sha256/b4/b4ab760cce96d3e5dd81215c21fa5a4684a2cde738bd9c2d2cc9929492b73827.png,2026-09-26,2026-10-01
team,nfl,13,Las Vegas Raiders,pro,logo,scoreboard_dark,,,espn,https://a.espncdn.com/i/teamlogos/nfl/500-dark/scoreboard/lv.png,bf304e45470927517802cbfc53d38b167491f00ea0d007b38f3bd506fc53c7d2,png,491105,4096,4096,https://sdv.nyc3.cdn.digitaloceanspaces.com/assets/public/sha256/bf/bf304e45470927517802cbfc53d38b167491f00ea0d007b38f3bd506fc53c7d2.png,2026-09-26,2026-10-01
team,nfl,13,Las Vegas Raiders,pro,logo,secondary_logo_black,,,espn,https://a.espncdn.com/guid/b18540eb-6f2b-534c-e7f9-9bd930518da9/logos/secondary_logo_black.png,4a3235aece11817915905caeb0cd5b694bc2aa295a99efaa6f85d7cc452e5ef2,png,209363,4096,4096,https://sdv.nyc3.cdn.digitaloceanspaces.com/assets/public/sha256/4a/4a3235aece11817915905caeb0cd5b694bc2aa295a99efaa6f85d7cc452e5ef2.png,2026-09-26,2026-10-01
team,nfl,13,Las Vegas Raiders,pro,logo,secondary_logo_on_black_color,,,espn,https://a.espncdn.com/guid/b18540eb-6f2b-534c-e7f9-9bd930518da9/logos/secondary_logo_on_black_color.png,779bab0a2139d0fad4a24901859bcf99064a30939195a84a17e6e2d3469d55c7,png,225612,4096,4096,https://sdv.nyc3.cdn.digitaloceanspaces.com/assets/public/sha256/77/779bab0a2139d0fad4a24901859bcf99064a30939195a84a17e6e2d3469d55c7.png,2026-09-26,2026-10-01
team,nfl,13,Las Vegas Raiders,pro,logo,secondary_logo_on_primary_color,,,espn,https://a.espncdn.com/guid/b18540eb-6f2b-534c-e7f9-9bd930518da9/logos/secondary_logo_on_primary_color.png,779bab0a2139d0fad4a24901859bcf99064a30939195a84a17e6e2d3469d55c7,png,225612,4096,4096,https://sdv.nyc3.cdn.digitaloceanspaces.com/assets/public/sha256/77/779bab0a2139d0fad4a24901859bcf99064a30939195a84a17e6e2d3469d55c7.png,2026-09-26,2026-10-01
team,nfl,13,Las Vegas Raiders,pro,logo,secondary_logo_on_secondary_color,,,espn,https://a.espncdn.com/guid/b18540eb-6f2b-534c-e7f9-9bd930518da9/logos/secondary_logo_on_secondary_color.png,457e19a1beb5a5ef719ea9a4b4b34a2740ec1099c3d01d6c3981e4de4808acb3,png,225619,4096,4096,https://sdv.nyc3.cdn.digitaloceanspaces.com/assets/public/sha256/45/457e19a1beb5a5ef719ea9a4b4b34a2740ec1099c3d01d6c3981e4de4808acb3.png,2026-09-26,2026-10-01
team,nfl,13,Las Vegas Raiders,pro,logo,secondary_logo_on_white_color,,,espn,https://a.espncdn.com/guid/b18540eb-6f2b-534c-e7f9-9bd930518da9/logos/secondary_logo_on_white_color.png,03b8871f5d130de07d28772d7fea9f1f350917f692ddf572928d9e2b521b0e1d,png,243512,4096,4096,https://sdv.nyc3.cdn.digitaloceanspaces.com/assets/public/sha256/03/03b8871f5d130de07d28772d7fea9f1f350917f692ddf572928d9e2b521b0e1d.png,2026-09-26,2026-10-01
team,nfl,13,Las Vegas Raiders,pro,logo,secondary_logo_white,,,espn,https://a.espncdn.com/guid/b18540eb-6f2b-534c-e7f9-9bd930518da9/logos/secondary_logo_white.png,0aba4f9d3bc01eb9ffbe7c52fcb2b2603b37832cab227c71cc1205a0e2b6f3fd,png,213265,4096,4096,https://sdv.nyc3.cdn.digitaloceanspaces.com/assets/public/sha256/0a/0aba4f9d3bc01eb9ffbe7c52fcb2b2603b37832cab227c71cc1205a0e2b6f3fd.png,2026-09-26,2026-10-01
team,nfl,14,Los Angeles Rams,pro,logo,dark,,,espn,https://a.espncdn.com/i/teamlogos/nfl/500-dark/lar.png,bcab950eb0446f08fbde39df8910db2cb6849708d68157d45b0ada7242124945,png,13997,500,500,https://sdv.nyc3.cdn.digitaloceanspaces.com/assets/public/sha256/bc/bcab950eb0446f08fbde39df8910db2cb6849708d68157d45b0ada7242124945.png,2026-09-26,2026-10-01
team,nfl,14,Los Angeles Rams,pro,logo,default,,,espn,https://a.espncdn.com/i/teamlogos/nfl/500/lar.png,e289b738a5e1259cccea921bee02eec881d35b4241761a8c4e12fe5964cab75c,png,38707,500,500,https://sdv.nyc3.cdn.digitaloceanspaces.com/assets/public/sha256/e2/e289b738a5e1259cccea921bee02eec881d35b4241761a8c4e12fe5964cab75c.png,2026-09-26,2026-10-01
team,nfl,14,Los Angeles Rams,pro,logo,grayscale,,,espn,https://a.espncdn.com/guid/2e1473b2-e269-fd7a-1137-c1edacb85986/logos/grayscale.png,2f583c4b3fb826b76f797722d470b5f1a804dbe65a06e889a777367107bcbaef,png,15813,501,501,https://sdv.nyc3.cdn.digitaloceanspaces.com/assets/public/sha256/2f/2f583c4b3fb826b76f797722d470b5f1a804dbe65a06e889a777367107bcbaef.png,2026-09-26,2026-10-01
team,nfl,14,Los Angeles Rams,pro,logo,primary_logo_black,,,espn,https://a.espncdn.com/guid/2e1473b2-e269-fd7a-1137-c1edacb85986/logos/primary_logo_black.png,1f2c41fc8ee05a11bbfb6132d1c1f098a49eb84266c2dc0963f8a5b72cfbc84b,png,125925,4096,4096,https://sdv.nyc3.cdn.digitaloceanspaces.com/assets/public/sha256/1f/1f2c41fc8ee05a11bbfb6132d1c1f098a49eb84266c2dc0963f8a5b72cfbc84b.png,2026-09-26,2026-10-01
team,nfl,14,Los Angeles Rams,pro,logo,primary_logo_on_black_color,,,espn,https://a.espncdn.com/guid/2e1473b2-e269-fd7a-1137-c1edacb85986/logos/primary_logo_on_black_color.png,f94bf196357c7752034fd523d1337145c6801032eaa2a992b0f442b5f2fcd09a,png,130949,4096,4096,https://sdv.nyc3.cdn.digitaloceanspaces.com/assets/public/sha256/f9/f94bf196357c7752034fd523d1337145c6801032eaa2a992b0f442b5f2fcd09a.png,2026-09-26,2026-10-01
team,nfl,14,Los Angeles Rams,pro,logo,primary_logo_on_primary_color,,,espn,https://a.espncdn.com/guid/2e1473b2-e269-fd7a-1137-c1edacb85986/logos/primary_logo_on_primary_color.png,f94bf196357c7752034fd523d1337145c6801032eaa2a992b0f442b5f2fcd09a,png,130949,4096,4096,https://sdv.nyc3.cdn.digitaloceanspaces.com/assets/public/sha256/f9/f94bf196357c7752034fd523d1337145c6801032eaa2a992b0f442b5f2fcd09a.png,2026-09-26,2026-10-01
team,nfl,14,Los Angeles Rams,pro,logo,primary_logo_on_secondary_color,,,espn,https://a.espncdn.com/guid/2e1473b2-e269-fd7a-1137-c1edacb85986/logos/primary_logo_on_secondary_color.png,f162fd97bec787a31a29bd577ce451eed8f1f6fdb6640eedef0c066b0fd0b174,png,129261,4096,4096,https://sdv.nyc3.cdn.digitaloceanspaces.com/assets/public/sha256/f1/f162fd97bec787a31a29bd577ce451eed8f1f6fdb6640eedef0c066b0fd0b174.png,2026-09-26,2026-10-01
team,nfl,14,Los Angeles Rams,pro,logo,primary_logo_on_white_color,,,espn,https://a.espncdn.com/guid/2e1473b2-e269-fd7a-1137-c1edacb85986/logos/primary_logo_on_white_color.png,f162fd97bec787a31a29bd577ce451eed8f1f6fdb6640eedef0c066b0fd0b174,png,129261,4096,4096,https://sdv.nyc3.cdn.digitaloceanspaces.com/assets/public/sha256/f1/f162fd97bec787a31a29bd577ce451eed8f1f6fdb6640eedef0c066b0fd0b174.png,2026-09-26,2026-10-01
team,nfl,14,Los Angeles Rams,pro,logo,primary_logo_white,,,espn,https://a.espncdn.com/guid/2e1473b2-e269-fd7a-1137-c1edacb85986/logos/primary_logo_white.png,a4e8fa6e73826bed877a56de5db08691d6de1d1d905da580e73a4eeb06cfbfd5,png,131483,4096,4096,https://sdv.nyc3.cdn.digitaloceanspaces.com/assets/public/sha256/a4/a4e8fa6e73826bed877a56de5db08691d6de1d1d905da580e73a4eeb06cfbfd5.png,2026-09-26,2026-10-01
team,nfl,14,Los Angeles Rams,pro,logo,scoreboard,,,espn,https://a.espncdn.com/i/teamlogos/nfl/500/scoreboard/lar.png,e289b738a5e1259cccea921bee02eec881d35b4241761a8c4e12fe5964cab75c,png,38707,500,500,https://sdv.nyc3.cdn.digitaloceanspaces.com/assets/public/sha256/e2/e289b738a5e1259cccea921bee02eec881d35b4241761a8c4e12fe5964cab75c.png,2026-09-26,2026-10-01
team,nfl,14,Los Angeles Rams,pro,logo,scoreboard_dark,,,espn,https://a.espncdn.com/i/teamlogos/nfl/500-dark/scoreboard/lar.png,bcab950eb0446f08fbde39df8910db2cb6849708d68157d45b0ada7242124945,png,13997,500,500,https://sdv.nyc3.cdn.digitaloceanspaces.com/assets/public/sha256/bc/bcab950eb0446f08fbde39df8910db2cb6849708d68157d45b0ada7242124945.png,2026-09-26,2026-10-01
team,nfl,14,Los Angeles Rams,pro,logo,secondary_logo_black,,,espn,https://a.espncdn.com/guid/2e1473b2-e269-fd7a-1137-c1edacb85986/logos/secondary_logo_black.png,4f594ce1195cef684e69c1e25f8110ab298cb0b3dfaa5ab1a56248eb215527e1,png,185263,4096,4096,https://sdv.nyc3.cdn.digitaloceanspaces.com/assets/public/sha256/4f/4f594ce1195cef684e69c1e25f8110ab298cb0b3dfaa5ab1a56248eb215527e1.png,2026-09-26,2026-10-01
team,nfl,14,Los Angeles Rams,pro,logo,secondary_logo_on_black_color,,,espn,https://a.espncdn.com/guid/2e1473b2-e269-fd7a-1137-c1edacb85986/logos/secondary_logo_on_black_color.png,ac932fa7d66de26182e7333e0cab1f396f6551660868cfd6154a29883b94dbc6,png,229662,4096,4096,https://sdv.nyc3.cdn.digitaloceanspaces.com/assets/public/sha256/ac/ac932fa7d66de26182e7333e0cab1f396f6551660868cfd6154a29883b94dbc6.png,2026-09-26,2026-10-01
team,nfl,14,Los Angeles Rams,pro,logo,secondary_logo_on_primary_color,,,espn,https://a.espncdn.com/guid/2e1473b2-e269-fd7a-1137-c1edacb85986/logos/secondary_logo_on_primary_color.png,ac932fa7d66de26182e7333e0cab1f396f6551660868cfd6154a29883b94dbc6,png,229662,4096,4096,https://sdv.nyc3.cdn.digitaloceanspaces.com/assets/public/sha256/ac/ac932fa7d66de26182e7333e0cab1f396f6551660868cfd6154a29883b94dbc6.png,2026-09-26,2026-10-01
team,nfl,14,Los Angeles Rams,pro,logo,secondary_logo_on_secondary_color,,,espn,https://a.espncdn.com/guid/2e1473b2-e269-fd7a-1137-c1edacb85986/logos/secondary_logo_on_secondary_color.png,9bb5049e3d514dcf8e77a9ad85df302eac8f60063b3cc3360101fc32358adb6a,png,229683,4096,4096,https://sdv.nyc3.cdn.digitaloceanspaces.com/assets/public/sha256/9b/9bb5049e3d514dcf8e77a9ad85df302eac8f60063b3cc3360101fc32358adb6a.png,2026-09-26,2026-10-01
team,nfl,14,Los Angeles Rams,pro,logo,secondary_logo_on_white_color,,,espn,https://a.espncdn.com/guid/2e1473b2-e269-fd7a-1137-c1edacb85986/logos/secondary_logo_on_white_color.png,ac932fa7d66de26182e7333e0cab1f396f6551660868cfd6154a29883b94dbc6,png,229662,4096,4096,https://sdv.nyc3.cdn.digitaloceanspaces.com/assets/public/sha256/ac/ac932fa7d66de26182e7333e0cab1f396f6551660868cfd6154a29883b94dbc6.png,2026-09-26,2026-10-01
team,nfl,14,Los Angeles Rams,pro,logo,secondary_logo_white,,,espn,https://a.espncdn.com/guid/2e1473b2-e269-fd7a-1137-c1edacb85986/logos/secondary_logo_white.png,29e9ed83cefb78193773396cf90c6192fb8abc93e2172b1c8721e57c50b68d92,png,168119,4096,4096,https://sdv.nyc3.cdn.digitaloceanspaces.com/assets/public/sha256/29/29e9ed83cefb78193773396cf90c6192fb8abc93e2172b1c8721e57c50b68d92.png,2026-09-26,2026-10-01
team,nfl,LA,Los Angeles Rams,,logo,squared,,,nflverse,https://github.com/nflverse/nflverse-pbp/raw/master/squared_logos/LA.png,2ad8d118cb30a2ac400240002b4cbdbf0ace2458fb81c80988ffe2bea45b8e17,png,16297,200,200,https://sdv.nyc3.cdn.digitaloceanspaces.com/assets/public/sha256/2a/2ad8d118cb30a2ac400240002b4cbdbf0ace2458fb81c80988ffe2bea45b8e17.png,2026-09-26,2026-10-01
team,nfl,LA,Los Angeles Rams,,wordmark,default,,,nflverse,https://github.com/nflverse/nflverse-pbp/raw/master/wordmarks/LA.png,25cee0cc2f4ad72d4380ec688a626716c54c13727e353a2ae0f6bb6700dc6231,png,60511,743,213,https://sdv.nyc3.cdn.digitaloceanspaces.com/assets/public/sha256/25/25cee0cc2f4ad72d4380ec688a626716c54c13727e353a2ae0f6bb6700dc6231.png,2026-09-26,2026-10-01
team,nfl,LAR,Los Angeles Rams,,logo,squared,,,nflverse,https://github.com/nflverse/nflverse-pbp/raw/master/squared_logos/LAR.png,fc890ff9b8f24ede327db3f456394767cdda7acc566810f4038a785e17f8db3d,png,16297,200,200,https://sdv.nyc3.cdn.digitaloceanspaces.com/assets/public/sha256/fc/fc890ff9b8f24ede327db3f456394767cdda7acc566810f4038a785e17f8db3d.png,2026-09-26,2026-10-01
team,nfl,LAR,Los Angeles Rams,,wordmark,default,,,nflverse,https://github.com/nflverse/nflverse-pbp/raw/master/wordmarks/LAR.png,4bf3f35adf8ff564b6a0f1573f8c7a24a1f727b03d680a2cc805224d88e3ea64,png,60511,743,213,https://sdv.nyc3.cdn.digitaloceanspaces.com/assets/public/sha256/4b/4bf3f35adf8ff564b6a0f1573f8c7a24a1f727b03d680a2cc805224d88e3ea64.png,2026-09-26,2026-10-01
team,nfl,LV,Las Vegas Raiders,,logo,squared,,,nflverse,https://github.com/nflverse/nflverse-pbp/raw/master/squared_logos/LV.png,fabb607a933dbed769917710e6c2166b2124c0a8c0fce61df46f0727d2362bda,png,26881,200,200,https://sdv.nyc3.cdn.digitaloceanspaces.com/assets/public/sha256/fa/fabb607a933dbed769917710e6c2166b2124c0a8c0fce61df46f0727d2362bda.png,2026-09-26,2026-10-01
team,nfl,LV,Las Vegas Raiders,,wordmark,default,,,nflverse,https://github.com/nflverse/nflverse-pbp/raw/master/wordmarks/LV.png,c22afa5471cd8e08e9c42f06df3d90f6b88b1b95fc16b4da5e610737a8fe7dac,png,6794,701,192,https://sdv.nyc3.cdn.digitaloceanspaces.com/assets/public/sha256/c2/c22afa5471cd8e08e9c42f06df3d90f6b88b1b95fc16b4da5e610737a8fe7dac.png,2026-09-26,2026-10-01
team,nfl,OAK,OAK,,logo,dark,,,espn,https://a.espncdn.com/i/teamlogos/nfl/500-dark/oak.png,94de716ea6d3859effbfbc0966c8327eefc0a004e0d2f16c77ca80b58fd95eaa,png,27355,500,500,https://sdv.nyc3.cdn.digitaloceanspaces.com/assets/public/sha256/94/94de716ea6d3859effbfbc0966c8327eefc0a004e0d2f16c77ca80b58fd95eaa.png,2026-09-26,2026-10-01
team,nfl,OAK,OAK,,logo,default,,,espn,https://a.espncdn.com/i/teamlogos/nfl/500/oak.png,94de716ea6d3859effbfbc0966c8327eefc0a004e0d2f16c77ca80b58fd95eaa,png,27355,500,500,https://sdv.nyc3.cdn.digitaloceanspaces.com/assets/public/sha256/94/94de716ea6d3859effbfbc0966c8327eefc0a004e0d2f16c77ca80b58fd95eaa.png,2026-09-26,2026-10-01
team,nfl,OAK,Oakland Raiders,,logo,squared,,,nflverse,https://github.com/nflverse/nflverse-pbp/raw/master/squared_logos/OAK.png,74485078b15f3688518985f2afee91bbee45fbba6b9a06269ec27444286868f5,png,26881,200,200,https://sdv.nyc3.cdn.digitaloceanspaces.com/assets/public/sha256/74/74485078b15f3688518985f2afee91bbee45fbba6b9a06269ec27444286868f5.png,2026-09-26,2026-10-01
team,nfl,OAK,Oakland Raiders,,wordmark,default,,,nflverse,https://github.com/nflverse/nflverse-pbp/raw/master/wordmarks/OAK.png,c22afa5471cd8e08e9c42f06df3d90f6b88b1b95fc16b4da5e610737a8fe7dac,png,6794,701,192,https://sdv.nyc3.cdn.digitaloceanspaces.com/assets/public/sha256/c2/c22afa5471cd8e08e9c42f06df3d90f6b88b1b95fc16b4da5e610737a8fe7dac.png,2026-09-26,2026-10-01
team,nfl,STL,STL,,logo,dark,,,espn,https://a.espncdn.com/i/teamlogos/nfl/500-dark/stl.png,0c412498bf8be7c893f387a8a8426b6aeb433054246ddc3f4d79f36752407c6b,png,23256,500,500,https://sdv.nyc3.cdn.digitaloceanspaces.com/assets/public/sha256/0c/0c412498bf8be7c893f387a8a8426b6aeb433054246ddc3f4d79f36752407c6b.png,2026-09-26,2026-10-01
team,nfl,STL,STL,,logo,default,,,espn,https://a.espncdn.com/i/teamlogos/nfl/500/stl.png,519d52b92508ba622c6084c1845313d6ac4bc67269575e175128ecc6db26d27e,png,54530,500,500,https://sdv.nyc3.cdn.digitaloceanspaces.com/assets/public/sha256/51/519d52b92508ba622c6084c1845313d6ac4bc67269575e175128ecc6db26d27e.png,2026-09-26,2026-10-01
team,nfl,STL,St. Louis Rams,,logo,squared,,,nflverse,https://github.com/nflverse/nflverse-pbp/raw/master/squared_logos/STL.png,f433b6fe3b3375b4c1042cef2134a39a4c2bf8b8add9bcef9ab7f487853e4b0a,png,16297,200,200,https://sdv.nyc3.cdn.digitaloceanspaces.com/assets/public/sha256/f4/f433b6fe3b3375b4c1042cef2134a39a4c2bf8b8add9bcef9ab7f487853e4b0a.png,2026-09-26,2026-10-01
team,nfl,STL,St. Louis Rams,,wordmark,default,,,nflverse,https://github.com/nflverse/nflverse-pbp/raw/master/wordmarks/STL.png,4bf3f35adf8ff564b6a0f1573f8c7a24a1f727b03d680a2cc805224d88e3ea64,png,60511,743,213,https://sdv.nyc3.cdn.digitaloceanspaces.com/assets/public/sha256/4b/4bf3f35adf8ff564b6a0f1573f8c7a24a1f727b03d680a2cc805224d88e3ea64.png,2026-09-26,2026-10-01
team,nhl,37,Vegas Golden Knights,pro,logo,dark,,,espn,https://a.espncdn.com/i/teamlogos/nhl/500-dark/vgk.png,913da521af36370b9b9a3df6ca6b869c915b54732cc166d369865fbc24197e44,png,55705,500,500,https://sdv.nyc3.cdn.digitaloceanspaces.com/assets/public/sha256/91/913da521af36370b9b9a3df6ca6b869c915b54732cc166d369865fbc24197e44.png,2026-09-26,2026-10-01
team,nhl,37,Vegas Golden Knights,pro,logo,default,,,espn,https://a.espncdn.com/i/teamlogos/nhl/500/vgk.png,913da521af36370b9b9a3df6ca6b869c915b54732cc166d369865fbc24197e44,png,55705,500,500,https://sdv.nyc3.cdn.digitaloceanspaces.com/assets/public/sha256/91/913da521af36370b9b9a3df6ca6b869c915b54732cc166d369865fbc24197e44.png,2026-09-26,2026-10-01
team,nhl,37,Vegas Golden Knights,pro,logo,primary_logo_black,,,espn,https://a.espncdn.com/guid/dd8e7d92-918d-4ec1-4e50-c328fc09467a/logos/primary_logo_black.png,9c2e82ac8857266fd5250a674db0fc569dab86fb86fd3db3cab7091cbd2cae28,png,159138,4096,4096,https://sdv.nyc3.cdn.digitaloceanspaces.com/assets/public/sha256/9c/9c2e82ac8857266fd5250a674db0fc569dab86fb86fd3db3cab7091cbd2cae28.png,2026-09-26,2026-10-01
team,nhl,37,Vegas Golden Knights,pro,logo,primary_logo_on_black_color,,,espn,https://a.espncdn.com/guid/dd8e7d92-918d-4ec1-4e50-c328fc09467a/logos/primary_logo_on_black_color.png,951acd6660005a02fc7d0e72d69d1f479abd90f2d79c2db36fee80991e36b7b6,png,208193,4096,4096,https://sdv.nyc3.cdn.digitaloceanspaces.com/assets/public/sha256/95/951acd6660005a02fc7d0e72d69d1f479abd90f2d79c2db36fee80991e36b7b6.png,2026-09-26,2026-10-01
team,nhl,37,Vegas Golden Knights,pro,logo,primary_logo_on_primary_color,,,espn,https://a.espncdn.com/guid/dd8e7d92-918d-4ec1-4e50-c328fc09467a/logos/primary_logo_on_primary_color.png,0b64f9594f550316d8bab2e8e4a469c5b176681cec29bf204ede68efc7336008,png,208139,4096,4096,https://sdv.nyc3.cdn.digitaloceanspaces.com/assets/public/sha256/0b/0b64f9594f550316d8bab2e8e4a469c5b176681cec29bf204ede68efc7336008.png,2026-09-26,2026-10-01
team,nhl,37,Vegas Golden Knights,pro,logo,primary_logo_on_secondary_color,,,espn,https://a.espncdn.com/guid/dd8e7d92-918d-4ec1-4e50-c328fc09467a/logos/primary_logo_on_secondary_color.png,0b64f9594f550316d8bab2e8e4a469c5b176681cec29bf204ede68efc7336008,png,208139,4096,4096,https://sdv.nyc3.cdn.digitaloceanspaces.com/assets/public/sha256/0b/0b64f9594f550316d8bab2e8e4a469c5b176681cec29bf204ede68efc7336008.png,2026-09-26,2026-10-01
team,nhl,37,Vegas Golden Knights,pro,logo,primary_logo_on_white_color,,,espn,https://a.espncdn.com/guid/dd8e7d92-918d-4ec1-4e50-c328fc09467a/logos/primary_logo_on_white_color.png,c62a649164ac18534191d3ddabe7bf5aa6425056260f445ed104bb9f69a1b5a1,png,202339,4096,4096,https://sdv.nyc3.cdn.digitaloceanspaces.com/assets/public/sha256/c6/c62a649164ac18534191d3ddabe7bf5aa6425056260f445ed104bb9f69a1b5a1.png,2026-09-26,2026-10-01
team,nhl,37,Vegas Golden Knights,pro,logo,primary_logo_white,,,espn,https://a.espncdn.com/guid/dd8e7d92-918d-4ec1-4e50-c328fc09467a/logos/primary_logo_white.png,f386c0925c04c9807e73baf7385e682007c86b9d1e49b9c2fd06d2254ef03226,png,160558,4096,4096,https://sdv.nyc3.cdn.digitaloceanspaces.com/assets/public/sha256/f3/f386c0925c04c9807e73baf7385e682007c86b9d1e49b9c2fd06d2254ef03226.png,2026-09-26,2026-10-01
team,nhl,37,Vegas Golden Knights,pro,logo,scoreboard,,,espn,https://a.espncdn.com/i/teamlogos/nhl/500/scoreboard/vgk.png,913da521af36370b9b9a3df6ca6b869c915b54732cc166d369865fbc24197e44,png,55705,500,500,https://sdv.nyc3.cdn.digitaloceanspaces.com/assets/public/sha256/91/913da521af36370b9b9a3df6ca6b869c915b54732cc166d369865fbc24197e44.png,2026-09-26,2026-10-01
team,nhl,37,Vegas Golden Knights,pro,logo,scoreboard_dark,,,espn,https://a.espncdn.com/i/teamlogos/nhl/500-dark/scoreboard/vgk.png,913da521af36370b9b9a3df6ca6b869c915b54732cc166d369865fbc24197e44,png,55705,500,500,https://sdv.nyc3.cdn.digitaloceanspaces.com/assets/public/sha256/91/913da521af36370b9b9a3df6ca6b869c915b54732cc166d369865fbc24197e44.png,2026-09-26,2026-10-01
team,nhl,37,Vegas Golden Knights,pro,logo,secondary_logo_black,,,espn,https://a.espncdn.com/guid/dd8e7d92-918d-4ec1-4e50-c328fc09467a/logos/secondary_logo_black.png,b30550284b0686a1b92164eab111273f9372e3153c24fa0eb2c83f80c9e57819,png,182501,4096,4096,https://sdv.nyc3.cdn.digitaloceanspaces.com/assets/public/sha256/b3/b30550284b0686a1b92164eab111273f9372e3153c24fa0eb2c83f80c9e57819.png,2026-09-26,2026-10-01
team,nhl,37,Vegas Golden Knights,pro,logo,secondary_logo_on_black_color,,,espn,https://a.espncdn.com/guid/dd8e7d92-918d-4ec1-4e50-c328fc09467a/logos/secondary_logo_on_black_color.png,dd8ab8f2ff6d0fc7267ae0148df00b411ca42ad0694e109ada41f4ff56dd46ac,png,226301,4096,4096,https://sdv.nyc3.cdn.digitaloceanspaces.com/assets/public/sha256/dd/dd8ab8f2ff6d0fc7267ae0148df00b411ca42ad0694e109ada41f4ff56dd46ac.png,2026-09-26,2026-10-01
team,nhl,37,Vegas Golden Knights,pro,logo,secondary_logo_on_primary_color,,,espn,https://a.espncdn.com/guid/dd8e7d92-918d-4ec1-4e50-c328fc09467a/logos/secondary_logo_on_primary_color.png,dd8ab8f2ff6d0fc7267ae0148df00b411ca42ad0694e109ada41f4ff56dd46ac,png,226301,4096,4096,https://sdv.nyc3.cdn.digitaloceanspaces.com/assets/public/sha256/dd/dd8ab8f2ff6d0fc7267ae0148df00b411ca42ad0694e109ada41f4ff56dd46ac.png,2026-09-26,2026-10-01
team,nhl,37,Vegas Golden Knights,pro,logo,secondary_logo_on_secondary_color,,,espn,https://a.espncdn.com/guid/dd8e7d92-918d-4ec1-4e50-c328fc09467a/logos/secondary_logo_on_secondary_color.png,3198fda5d27a4c2bf5a3052f5040841681bfe70df2d80c03d169311d24723493,png,226312,4096,4096,https://sdv.nyc3.cdn.digitaloceanspaces.com/assets/public/sha256/31/3198fda5d27a4c2bf5a3052f5040841681bfe70df2d80c03d169311d24723493.png,2026-09-26,2026-10-01
team,nhl,37,Vegas Golden Knights,pro,logo,secondary_logo_on_white_color,,,espn,https://a.espncdn.com/guid/dd8e7d92-918d-4ec1-4e50-c328fc09467a/logos/secondary_logo_on_white_color.png,dd8ab8f2ff6d0fc7267ae0148df00b411ca42ad0694e109ada41f4ff56dd46ac,png,226301,4096,4096,https://sdv.nyc3.cdn.digitaloceanspaces.com/assets/public/sha256/dd/dd8ab8f2ff6d0fc7267ae0148df00b411ca42ad0694e109ada41f4ff56dd46ac.png,2026-09-26,2026-10-01
team,nhl,37,Vegas Golden Knights,pro,logo,secondary_logo_white,,,espn,https://a.espncdn.com/guid/dd8e7d92-918d-4ec1-4e50-c328fc09467a/logos/secondary_logo_white.png,573efb4bf959bbb84405ed8561d10b9a56e7e86a1c00016a036a6bbf241ba747,png,170633,4096,4096,https://sdv.nyc3.cdn.digitaloceanspaces.com/assets/public/sha256/57/573efb4bf959bbb84405ed8561d10b9a56e7e86a1c00016a036a6bbf241ba747.png,2026-09-26,2026-10-01
team,nhl,54,VGK,,logo,dark,2018,2027,nhl,https://assets.nhle.com/logos/nhl/svg/VGK_dark.svg,509eedadfe134fbe6302f2b3d17224f1b16cb203654e51b3ae852820584ee673,svg,2182,,,https://sdv.nyc3.cdn.digitaloceanspaces.com/assets/public/sha256/50/509eedadfe134fbe6302f2b3d17224f1b16cb203654e51b3ae852820584ee673.svg,2026-09-26,2026-10-01
team,nhl,54,VGK,,logo,default,2018,2027,nhl,https://assets.nhle.com/logos/nhl/svg/VGK_light.svg,b02d15ccfa2510e7696a4d0533fc3f676c6e53ca2c7745e1a1a67fcbc4ff93cf,svg,2194,,,https://sdv.nyc3.cdn.digitaloceanspaces.com/assets/public/sha256/b0/b02d15ccfa2510e7696a4d0533fc3f676c6e53ca2c7745e1a1a67fcbc4ff93cf.svg,2026-09-26,2026-10-01
